oh_id,member_id,office_id,start_date,end_date,in_cabinet,estimated_end_date,estimated_start_date
7924,1234,1,1830-11-22,1834-12-29,0,1,0
7926,2286,30,1834-01-01,1834-12-29,0,1,1
7927,2286,1,1835-04-18,1839-08-26,1,0,0
7928,3134,41,1830-08-09,1833-12-31,0,1,1
7929,3134,1,1839-08-26,1841-08-30,1,0,0
7930,3134,33,1849-01-15,1852-02-21,1,0,0
7931,1824,13,1834-01-01,1835-12-31,0,1,1
7932,1824,1,1841-09-04,1846-06-29,1,0,0
7933,2432,7,1832-01-01,1834-12-31,0,1,1
7934,2432,34,1835-04-27,1839-10-04,0,0,0
7935,2432,1,1846-07-06,1852-02-21,1,0,0
7936,2432,35,1852-12-30,1855-03-03,1,0,0
7937,2432,33,1855-03-13,1858-02-21,1,0,0
7938,2432,36,1859-06-18,1866-02-16,1,0,0
7939,2432,37,1870-07-06,1874-02-17,1,0,0
7940,3104,1,1873-08-11,1874-02-17,1,0,0
7941,3104,2,1880-04-23,1885-06-09,1,0,0
7942,3104,2,1868-12-03,1874-02-17,1,0,0
7943,3104,1,1852-12-30,1855-02-28,1,0,0
7944,3104,2,1892-08-15,1894-03-02,1,0,0
7945,3104,57,1834-01-01,1834-12-31,0,1,1
7946,3104,13,1835-01-01,1835-12-31,0,1,1
7947,3104,9,1841-09-03,1843-06-10,0,0,0
7948,3104,20,1845-01-01,1846-12-31,0,1,1
7949,3104,6,1843-05-15,1845-02-05,1,0,0
7950,3104,1,1859-06-18,1866-06-26,1,0,0
7951,3523,1,1866-07-06,1868-02-29,1,0,0
7952,3523,2,1868-02-27,1868-12-01,1,0,0
7953,3523,2,1874-02-20,1880-04-21,1,0,0
7954,3523,1,1852-02-27,1852-12-17,1,0,0
7955,3523,1,1858-02-26,1859-06-11,1,0,0
7956,3948,17,1847-01-01,1848-12-31,0,1,1
7957,3948,13,1848-01-01,1850-12-31,0,1,1
7958,3948,1,1855-02-28,1858-02-21,1,0,0
7959,3948,19,1859-04-28,1861-12-31,0,1,1
7960,4218,17,1852-01-01,1855-12-31,0,1,1
7961,4218,9,1855-01-01,1855-03-31,0,0,1
7962,4218,47,1859-04-28,1864-12-31,0,1,1
7963,4218,1,1868-12-09,1873-08-11,1,0,0
7964,4218,19,1873-01-01,1874-01-26,0,1,1
7965,4580,80,1866-01-01,1868-12-31,0,1,1
7966,4580,1,1868-02-29,1868-12-01,1,0,0
7967,4580,33,1874-01-31,1874-01-26,0,1,1
7968,4380,6,1866-07-06,1867-03-08,1,0,0
7969,4380,36,1867-03-08,1868-12-01,1,0,0
7970,4380,1,1874-02-21,1880-04-21,1,0,0
7971,4380,59,1885-06-24,1886-01-28,1,0,0
7973,4705,10,1864-01-01,1865-12-31,0,1,1
7974,4705,66,1865-08-19,1866-06-26,0,0,0
7975,4705,33,1868-12-09,1871-03-24,1,0,0
7976,4705,39,1872-08-09,1873-09-30,1,0,0
7977,4705,1,1882-12-16,1885-06-09,1,0,0
7978,4705,19,1886-07-01,1886-12-31,0,1,1
7979,4796,4,1868-01-01,1868-12-31,0,1,1
7980,4796,32,1874-02-27,1878-02-15,1,0,0
7981,4796,20,1878-02-04,1880-04-21,1,0,0
7982,4796,1,1885-06-24,1886-02-06,0,0,0
7983,4796,6,1888-02-21,1892-08-11,1,0,0
7984,4796,1,1895-06-29,1902-08-11,1,0,0
7985,4796,32,1886-01-01,1886-01-23,0,0,1
7986,4796,52,1901-01-01,1906-12-31,0,1,1
7987,4796,84,1885-06-24,1886-07-20,0,0,0
7988,5502,36,1885-06-24,1886-01-28,1,0,0
7989,5502,1,1886-08-03,1887-01-14,1,0,0
7990,5172,42,1873-01-01,1873-09-26,0,0,1
7991,5172,91,1894-01-01,1898-12-31,0,1,1
7992,5172,84,1892-08-18,1895-06-21,0,0,0
7993,5172,19,1880-03-31,1885-12-31,0,1,1
7994,5172,1,1886-02-06,1886-07-20,1,0,0
7995,5172,1,1892-08-18,1895-06-21,1,0,0
7996,4774,9,1865-11-29,1866-03-12,0,0,0
7997,4774,39,1866-01-26,1866-06-26,1,0,0
7999,4774,33,1871-03-24,1874-02-17,1,0,0
8000,4774,33,1895-06-29,1900-11-12,1,0,0
8001,4774,1,1887-01-14,1892-08-11,1,0,0
8002,5641,75,1892-01-01,1894-12-31,0,1,1
8003,5641,29,1886-02-10,1886-07-20,0,0,0
8004,5641,93,1892-01-01,1894-12-31,0,1,1
8005,5641,37,1894-01-01,1894-03-10,0,0,1
8007,5641,33,1905-01-01,1905-03-27,0,0,1
8008,5641,23,1908-04-12,1908-10-13,1,0,0
8009,5485,34,1885-01-01,1886-12-31,0,1,1
8010,5485,78,1886-07-01,1892-12-31,0,1,1
8011,5485,6,1895-06-29,1900-11-12,1,0,0
8012,5485,19,1900-10-01,1902-12-31,0,1,1
8013,5485,1,1902-08-11,1903-10-09,1,0,0
8014,7689,81,1895-07-06,1900-11-07,0,0,0
8015,7689,66,1900-11-07,1902-08-08,0,0,0
8016,7689,64,1902-08-11,1903-10-09,1,0,0
8017,7689,1,1903-10-09,1905-12-04,1,0,0
8025,6265,19,1892-07-04,1895-12-31,0,1,1
8026,6265,1,1905-12-10,1908-04-12,1,0,0
8027,6265,2,1908-04-05,1915-05-25,1,0,0
8031,6405,1,1908-04-12,1915-05-25,1,0,0
8035,7806,66,1905-12-12,1907-01-29,0,0,0
8036,7806,79,1907-01-23,1908-04-12,1,0,0
8037,7806,33,1908-04-12,1911-10-23,1,0,0
8040,7952,4,1902-01-01,1905-12-31,0,1,1
8084,6767,2,1812-06-08,1827-04-09,1,0,0
8085,1285,2,1835-04-18,1841-08-30,1,0,0
8086,1885,18,1832-01-01,1834-12-31,0,1,1
8087,1885,19,1835-01-06,1839-12-31,0,1,1
8088,1885,20,1839-01-01,1841-06-23,0,1,1
8089,1885,2,1846-06-30,1852-02-21,1,0,0
8090,1885,21,1852-12-28,1853-02-21,1,0,0
8091,1885,22,1853-02-26,1854-06-08,1,0,0
8092,1885,23,1854-06-12,1855-01-30,1,0,0
8093,1885,20,1855-01-01,1855-02-08,0,0,1
8094,1885,21,1859-06-18,1865-11-03,1,0,0
8095,1885,2,1865-10-29,1866-06-26,1,0,0
8096,5410,73,1878-01-01,1880-12-31,0,1,1
8097,5410,88,1886-01-01,1886-02-08,0,0,1
8098,5410,84,1891-10-01,1892-08-11,0,0,0
8099,5410,78,1885-11-24,1885-12-31,0,1,1
8100,5410,2,1902-07-12,1905-12-04,1,0,0
8103,5410,32,1887-03-07,1891-11-09,1,0,0
8104,5410,59,1891-10-01,1892-08-11,1,0,0
8105,5410,84,1895-06-29,1905-12-04,0,0,0
8106,5410,59,1895-06-29,1905-12-04,1,0,0
8107,5410,37,1902-07-14,1903-10-17,1,0,0
8109,5201,85,1871-11-15,1874-02-17,0,0,0
8110,5201,34,1882-01-01,1884-12-31,0,1,1
8111,5201,32,1884-10-23,1885-06-09,0,0,0
8112,5201,53,1886-02-06,1886-07-20,1,0,0
8113,5201,53,1892-08-18,1895-06-21,1,0,0
8114,5201,2,1905-12-05,1908-04-03,1,0,0
8115,5201,52,1907-01-01,1908-12-31,0,1,1
8116,5201,85,1880-04-28,1882-05-13,0,0,0
8122,8009,13,1906-01-01,1908-12-31,0,1,1
8123,8009,6,1908-04-12,1910-02-14,1,0,0
8130,1168,3,1802-02-11,1817-06-02,0,0,0
8131,1461,3,1817-06-05,1835-02-20,0,0,0
8132,1741,3,1835-02-20,1839-05-27,0,0,0
8133,3007,3,1839-05-27,1857-04-30,0,0,0
8134,2345,3,1857-04-30,1872-02-09,0,0,0
8135,4235,41,1855-01-01,1858-12-31,0,1,1
8136,4235,75,1859-01-01,1866-12-31,0,1,1
8137,4235,3,1872-02-09,1884-02-26,0,0,0
8138,4946,3,1884-02-26,1895-04-08,0,0,0
8139,6252,3,1895-04-08,1905-06-08,0,0,0
8140,5885,4,1891-01-01,1892-12-31,0,1,1
8141,5885,13,1891-01-01,,0,0,1
8142,5885,77,1895-01-01,1905-12-31,0,1,1
8143,5885,3,1905-06-08,1921-04-28,0,0,0
8144,7961,82,1907-02-27,1910-02-20,0,0,0
8155,1222,4,1847-01-01,1851-12-31,0,1,1
8156,3719,41,1846-01-01,1847-07-23,0,1,1
8157,3719,4,1847-01-01,1851-12-31,0,1,1
8158,3567,24,1847-12-22,1849-05-26,0,0,0
8159,3567,66,1849-05-22,1850-07-09,0,0,0
8160,3567,4,1850-01-01,1852-12-31,0,1,1
8161,3567,4,1852-01-01,1858-12-31,0,1,1
8163,2676,26,1852-01-01,1852-12-31,0,1,1
8164,2676,4,1858-01-01,1859-12-31,0,1,1
8165,4522,4,1859-01-01,1865-12-31,0,1,1
8166,4300,4,1865-01-01,1866-12-31,0,1,1
8167,4300,26,1870-01-01,1870-12-31,0,1,1
8168,3665,41,1858-01-01,1859-04-23,0,1,1
8169,3665,4,1866-01-01,1868-12-31,0,1,1
8170,3665,39,1868-11-07,1868-12-01,0,0,0
8171,3665,39,1874-03-02,1880-04-21,0,0,0
8172,4480,4,1867-01-01,1868-12-31,0,1,1
8173,4480,66,1868-03-04,1868-12-01,0,0,0
8174,4480,78,1874-01-31,1880-12-31,0,1,1
8175,4012,41,1866-01-01,1868-11-11,0,1,1
8176,4012,4,1868-01-01,1868-12-31,0,1,1
8177,4012,69,1876-01-01,1880-12-31,0,1,1
8178,4783,10,1866-01-01,1866-12-31,0,1,1
8179,4783,4,1868-01-01,1871-12-31,0,1,1
8180,4783,13,1871-01-01,1871-12-31,0,1,1
8181,4783,34,1871-01-01,1874-12-31,0,1,1
8182,4783,34,1880-01-01,1880-12-31,0,1,1
8183,4783,48,1881-11-29,1885-02-13,0,0,0
8184,4783,64,1884-11-07,1885-06-09,1,0,0
8185,4783,48,1892-08-18,1894-03-10,1,0,0
8186,4783,78,1894-01-01,1895-12-31,0,1,1
8187,4967,4,1868-01-01,1868-12-31,0,1,1
8188,4967,13,1874-01-01,1878-12-31,0,1,1
8189,4967,32,1878-02-15,1880-04-21,0,0,0
8190,4755,4,1872-01-01,1874-12-31,0,1,1
8191,4755,4,1880-01-01,1883-12-31,0,1,1
8192,4755,13,1883-01-01,1884-12-31,0,1,1
8193,4755,80,1884-01-01,1885-12-31,0,1,1
8194,4755,80,1892-01-01,1892-12-31,0,1,1
8195,4755,34,1886-01-01,1886-12-31,0,1,1
8196,4908,4,1874-01-01,1875-12-31,0,1,1
8197,4700,24,1875-11-24,1880-04-21,0,0,0
8198,4700,4,1874-01-01,1875-12-31,0,1,1
8199,5433,4,1875-01-01,1878-12-31,0,1,1
8200,5433,92,1878-04-06,1880-04-21,0,0,0
8201,5433,6,1885-08-19,1886-01-28,1,0,0
8202,5433,30,1886-07-01,1887-12-31,0,1,1
8203,5433,53,1887-01-14,1892-08-11,1,0,0
8204,4681,4,1876-01-01,1880-12-31,0,1,1
8205,5132,4,1878-01-01,1880-12-31,0,1,1
8206,5525,4,1880-01-01,1882-12-31,0,1,1
8207,5525,13,1882-01-01,1885-12-31,0,1,1
8208,5119,41,1880-03-31,1882-12-31,0,1,1
8209,5119,4,1882-01-01,1882-12-31,0,1,1
8210,5635,4,1883-01-01,1885-12-31,0,1,1
8211,5635,92,1892-08-19,1894-03-11,0,0,0
8212,5635,26,1894-01-01,1895-12-31,0,1,1
8213,4998,4,1885-01-01,1886-12-31,0,1,1
8214,4998,55,1887-03-15,1890-12-15,0,0,0
8215,4998,26,1889-01-01,1892-12-31,0,1,1
8216,5697,4,1885-01-01,1888-12-31,0,1,1
8217,5697,13,1888-01-01,1892-12-31,0,1,1
8218,5708,19,1902-01-01,1905-12-31,0,1,1
8219,5708,4,1885-01-01,1892-12-31,0,1,1
8220,5708,48,1895-07-04,1905-12-04,1,0,0
8221,5708,54,1902-01-01,1905-12-31,0,1,1
8222,5708,93,1885-01-01,1895-12-31,0,1,1
8223,5085,24,1880-05-07,1885-06-09,0,0,0
8224,5085,4,1886-01-01,1886-12-31,0,1,1
8225,5787,4,1886-01-01,1886-12-31,0,1,1
8226,5811,4,1886-01-01,1892-12-31,0,1,1
8227,5811,90,1895-07-04,1900-11-16,1,0,0
8228,5811,78,1900-10-01,1905-12-31,0,1,1
8229,5811,32,1905-03-12,1905-12-04,1,0,0
8233,5665,4,1886-01-01,1886-12-31,0,1,1
8234,5706,4,1886-01-01,1886-12-31,0,1,1
8235,5706,13,1895-01-01,1902-12-31,0,1,1
8236,5586,51,1891-11-24,1892-08-11,0,0,0
8237,5586,4,1886-01-01,1891-12-31,0,1,1
8238,5970,4,1892-01-01,1895-12-31,0,1,1
8239,5942,21,1905-12-10,1915-05-25,1,0,0
8240,5942,4,1892-01-01,1895-12-31,0,1,1
8241,5445,4,1892-01-01,1895-12-31,0,1,1
8243,6293,41,1892-07-04,1894-12-31,0,1,1
8244,6293,4,1894-01-01,1895-12-31,0,1,1
8245,6293,93,1894-01-01,1895-12-31,0,1,1
8246,6331,4,1895-01-01,1900-12-31,0,1,1
8247,7671,4,1900-01-01,1905-12-31,0,1,1
8248,7671,77,1905-01-01,1905-12-31,0,1,1
8249,7908,4,1902-01-01,1905-12-31,0,1,1
8250,6352,4,1905-01-01,1905-12-31,0,1,1
8251,7271,4,1905-01-01,1909-12-31,0,1,1
8252,6005,81,1892-08-25,1895-06-21,0,0,0
8253,6005,4,1905-01-01,1908-12-31,0,1,1
8254,7907,4,1905-01-01,1907-12-31,0,1,1
8255,7907,66,1907-01-29,1908-04-12,0,0,0
8256,7907,79,1908-04-12,1911-10-23,1,0,0
8260,7590,4,1905-01-01,1908-12-31,0,1,1
8261,7925,4,1907-01-01,1908-12-31,0,1,1
8262,7925,4,1908-01-01,1920-12-31,0,1,1
8264,8201,4,1908-01-01,1908-12-31,0,1,1
8265,8201,13,1908-01-01,1911-12-31,0,1,1
8270,7900,4,1908-01-01,1914-12-31,0,1,1
8273,8370,4,1908-01-01,1909-12-31,0,1,1
8274,8370,26,1909-01-01,1912-12-31,0,1,1
8277,7573,82,1905-12-18,1909-07-07,0,0,0
8278,7573,4,1909-01-01,1915-12-31,0,1,1
8280,7704,4,1909-01-01,1911-12-31,0,1,1
8299,7411,81,1903-10-11,1905-12-04,0,0,0
8301,7498,82,1905-06-16,1905-12-04,0,0,0
8302,7498,57,1905-01-01,1913-12-31,0,1,1
8305,8171,82,1909-07-07,1915-01-24,0,0,0
8308,6025,73,1886-01-01,1892-12-31,0,1,1
8309,6025,82,1895-07-06,1902-08-08,0,0,0
8310,6025,80,1902-01-01,1903-12-31,0,1,1
8313,8304,73,1906-01-01,1908-12-31,0,1,1
8314,8304,85,1908-04-12,1910-03-04,0,0,0
8316,8283,87,1908-01-01,1914-12-31,0,1,1
8320,7678,73,1895-01-01,1900-12-31,0,1,1
8328,8278,73,1906-01-01,1910-12-31,0,1,1
8332,8042,73,1904-01-01,1904-12-31,0,1,1
8367,7970,26,1908-01-01,1911-12-31,0,1,1
8487,7435,57,1902-01-01,1911-12-31,0,1,1
8488,7435,5,1902-01-01,1905-12-31,0,1,1
8519,2418,9,1830-11-22,1834-06-05,0,0,0
8520,2418,8,1830-11-30,1834-11-14,0,0,0
8521,2418,6,1834-06-05,1834-11-14,1,0,0
8522,2418,6,1835-04-18,1839-08-29,1,0,0
8523,1475,6,1834-12-15,1835-04-08,1,0,0
8524,2381,10,1832-01-01,1834-12-31,0,1,1
8525,2381,9,1835-05-06,1839-08-29,0,0,0
8526,2381,13,1839-01-01,1839-12-31,0,1,1
8527,2381,6,1839-08-29,1841-08-30,1,0,0
8528,2381,32,1846-01-01,1846-02-14,0,0,1
8529,2381,20,1855-01-01,1855-02-08,0,0,1
8530,2381,6,1847-07-22,1852-02-21,1,0,0
8532,3781,7,1845-01-01,1846-12-31,0,1,1
8533,3781,6,1852-12-28,1855-03-31,0,0,0
8534,3781,63,1859-01-01,1861-12-31,0,1,1
8535,3781,39,1861-07-25,1864-04-07,1,0,0
8536,3781,20,1864-04-07,1866-06-26,1,0,0
8537,3781,53,1868-12-09,1874-02-17,1,0,0
8538,3716,6,1858-02-26,1859-03-03,1,0,0
8539,3502,9,1846-07-08,1848-05-08,0,0,0
8540,3502,6,1859-07-06,1866-06-26,1,0,0
8541,4253,13,1862-01-01,1864-12-31,0,1,1
8543,4253,19,1868-11-17,1868-11-11,0,1,1
8544,4253,23,1873-08-09,1874-02-17,1,0,0
8545,3812,6,1868-12-09,1871-01-14,1,0,0
8546,3812,39,1873-09-30,1874-02-17,1,0,0
8547,3812,39,1880-04-28,1882-07-25,1,0,0
8548,3984,41,1854-01-01,1855-12-31,0,1,1
8549,3984,13,1857-01-01,1858-12-31,0,1,1
8550,3984,13,1859-01-01,1865-12-31,0,1,1
8551,3984,63,1865-01-01,1866-12-31,0,1,1
8552,3984,63,1868-01-01,1870-12-31,0,1,1
8553,3984,6,1871-01-14,1874-02-17,1,0,0
8554,3737,13,1866-01-01,1868-12-31,0,1,1
8555,3737,47,1850-01-01,1854-01-14,0,0,1
8556,3737,6,1874-02-21,1878-04-04,0,0,0
8557,4406,6,1878-04-04,1880-04-21,1,0,0
8558,5565,6,1880-05-03,1885-06-09,1,0,0
8559,5565,78,1886-07-01,1886-12-31,0,1,1
8560,5565,20,1895-06-29,1903-10-09,1,0,0
8561,5186,62,1880-01-01,1885-12-31,0,1,1
8562,5186,6,1886-02-17,1886-07-20,1,0,0
8563,5186,6,1892-08-18,1894-05-28,1,0,0
8564,4918,10,1877-01-01,1877-12-31,0,1,1
8565,4918,66,1877-08-14,1878-04-02,0,0,0
8566,4918,53,1878-04-02,1880-04-21,1,0,0
8568,5795,39,1892-08-18,1894-05-28,1,0,0
8569,5795,95,1886-01-01,1886-12-31,0,1,1
8570,5795,6,1894-05-28,1895-06-21,1,0,0
8571,5795,32,1905-01-01,1905-03-12,0,0,1
8572,6079,32,1895-07-04,1900-11-09,0,0,0
8573,6079,6,1900-11-12,1905-03-14,1,0,0
8574,6079,73,1885-01-01,1885-12-31,0,1,1
8575,6079,78,1905-01-01,1905-12-31,0,1,1
8576,5880,64,1905-12-10,1910-02-14,1,0,0
8578,5880,26,1892-01-01,1895-12-31,0,1,1
8589,7309,82,1903-01-01,1905-12-31,0,1,1
8594,1732,8,1830-01-01,1830-11-30,0,0,1
8595,1732,7,1827-01-01,1827-12-31,0,1,1
8596,1732,9,1828-01-01,1828-12-31,0,1,1
8597,1703,9,1845-02-05,1846-06-29,0,0,0
8598,1703,7,1834-01-01,1835-12-31,0,1,1
8599,1703,7,1841-01-01,1845-12-31,0,1,1
8600,1703,10,1819-01-01,1830-12-31,0,1,1
8601,2884,7,1834-01-01,1835-12-31,0,1,1
8602,2884,25,1844-05-17,1845-02-04,0,0,0
8603,2884,7,1841-01-01,1844-12-31,0,1,1
8604,2884,49,1845-01-01,1846-12-31,0,1,1
8605,3030,41,1835-01-06,1837-07-17,0,1,1
8606,3030,34,1839-10-04,1841-06-09,0,0,0
8607,3030,7,1841-01-01,1841-12-31,0,1,1
8608,2908,41,1841-06-29,1844-12-31,0,1,1
8609,2908,7,1844-01-01,1846-12-31,0,1,1
8610,2908,32,1853-01-06,1855-03-01,0,0,0
8611,3503,41,1835-01-06,1841-06-23,0,1,1
8612,3503,7,1846-01-01,1850-12-31,0,1,1
8613,1652,8,1834-12-22,1835-04-08,0,0,0
8614,1652,9,1834-12-20,1835-04-08,0,0,0
8615,3822,9,1855-03-31,1855-08-13,0,0,0
8616,3822,18,1855-01-01,1855-12-31,0,1,1
8617,3822,45,1853-01-01,1855-12-31,0,1,1
8618,3822,13,1850-01-01,1852-12-31,0,1,1
8619,3822,8,1855-01-01,1855-12-31,0,1,1
8620,3822,40,1855-08-13,1858-02-21,0,0,0
8622,2725,24,1841-06-23,1841-08-30,0,0,0
8623,3378,13,1835-01-01,1841-12-31,0,1,1
8624,3378,25,1846-07-06,1852-02-06,0,0,0
8625,3378,9,1841-06-28,1841-08-30,0,0,0
8626,2754,9,1859-03-03,1859-06-11,0,0,0
8627,2754,10,1858-01-01,1859-12-31,0,1,1
8628,3346,10,1846-01-01,1852-12-31,0,1,1
8629,3346,26,1855-01-01,1855-12-31,0,1,1
8630,3346,47,1855-08-13,1857-02-09,0,0,0
8631,3346,9,1859-01-01,1859-03-03,0,0,1
8632,3346,50,1860-01-01,1866-12-31,0,1,1
8633,3346,10,1852-01-01,1855-12-31,0,1,1
8634,3346,47,1857-09-24,1858-02-21,0,0,0
8635,3346,62,1857-01-01,1858-12-31,0,1,1
8636,3346,55,1859-01-01,1859-03-03,0,0,1
8637,3041,9,1860-02-22,1865-11-29,0,0,0
8638,3041,55,1860-02-22,1865-11-29,0,0,0
8639,4677,55,1866-07-10,1868-12-01,0,0,0
8640,4677,24,1874-03-07,1875-11-24,0,0,0
8641,4677,9,1866-07-10,1868-12-01,0,0,0
8642,4677,55,1874-04-20,1880-03-24,0,0,0
8643,3977,47,1857-02-09,1857-09-24,0,0,0
8644,3977,9,1866-03-12,1866-06-26,0,0,0
8645,3977,13,1868-01-01,1871-12-31,0,1,1
8646,3977,64,1871-01-14,1873-11-18,0,0,0
8647,3977,27,1853-01-13,1858-02-21,0,0,0
8653,3114,41,1834-01-01,1835-12-31,0,1,1
8654,2947,10,1828-01-01,1828-12-31,0,1,1
8655,2947,51,1834-12-29,1835-04-08,0,0,0
8656,2641,10,1834-01-01,1835-12-31,0,1,1
8657,3156,10,1835-01-01,1841-12-31,0,1,1
8658,3180,10,1835-01-01,1841-12-31,0,1,1
8659,2918,10,1835-01-01,,0,0,1
8660,2290,10,1841-01-01,1846-12-31,0,1,1
8661,3211,29,1834-12-29,1835-04-08,0,0,0
8662,3211,10,1841-01-01,1845-12-31,0,1,1
8663,3211,47,1866-01-01,1867-12-31,0,1,1
8664,3211,33,1867-03-08,1868-12-01,1,0,0
8665,3211,34,1859-03-09,1859-06-11,0,0,0
8666,3211,58,1866-01-01,1867-12-31,0,1,1
8667,3211,34,1845-02-04,1846-06-29,0,0,0
8668,3446,10,1845-01-01,1846-12-31,0,1,1
8669,3446,13,1852-01-01,1855-12-31,0,1,1
8670,3446,45,1855-01-01,1855-12-31,0,1,1
8671,3003,10,1846-01-01,1846-12-31,0,1,1
8672,3755,10,1846-01-01,1846-12-31,0,1,1
8673,2651,10,1852-01-01,1852-12-31,0,1,1
8674,4451,10,1852-01-01,1852-12-31,0,1,1
8675,4528,10,1857-01-01,1858-12-31,0,1,1
8676,4528,13,1859-01-01,1861-12-31,0,1,1
8677,3736,10,1859-01-01,1859-12-31,0,1,1
8678,3736,41,1846-01-01,1846-12-31,0,1,1
8679,4148,10,1859-01-01,1863-12-31,0,1,1
8680,4550,10,1859-01-01,1859-12-31,0,1,1
8681,4246,10,1860-01-01,1860-12-31,0,1,1
8682,4246,76,1878-01-01,1889-12-31,0,1,1
8683,4497,10,1863-01-01,1863-12-31,0,1,1
8684,4497,13,1863-01-01,1866-12-31,0,1,1
8685,4497,55,1868-01-01,1871-12-31,0,1,1
8686,4497,36,1880-04-28,1882-12-16,1,0,0
8687,4497,53,1882-12-16,1885-06-09,1,0,0
8688,4497,23,1895-06-29,1903-10-19,1,0,0
8689,4497,79,1900-03-03,1902-08-11,1,0,0
8690,4497,10,1902-01-01,1903-12-31,0,1,1
8691,4638,10,1863-01-01,1864-12-31,0,1,1
8692,4638,83,1866-01-01,1866-12-31,0,1,1
8693,4638,41,1868-11-17,1869-12-31,0,1,1
8694,4638,40,1871-03-24,1874-02-17,1,0,0
8695,4638,78,1871-01-01,1874-01-26,0,1,1
8696,4638,78,1886-07-01,1886-12-31,0,1,1
8697,4566,10,1868-01-01,,0,0,1
8698,4566,10,1866-01-01,1866-12-31,0,1,1
8699,4566,10,1880-01-01,1883-12-31,0,1,1
8700,4808,10,1866-01-01,1868-12-31,0,1,1
8701,4749,10,1866-01-01,1868-12-31,0,1,1
8702,4375,10,1866-01-01,1866-12-31,0,1,1
8703,4943,10,1868-01-01,1870-12-31,0,1,1
8704,4943,34,1880-01-01,1882-12-31,0,1,1
8705,4943,32,1882-01-01,1882-05-06,0,0,1
8706,4943,39,1884-10-29,1885-06-09,1,0,0
8707,4943,88,1886-02-08,1886-04-05,1,0,0
8708,4943,88,1892-08-18,1895-06-21,1,0,0
8709,4806,10,1880-01-01,1880-12-31,0,1,1
8710,4806,34,1884-01-01,1884-12-31,0,1,1
8711,4732,10,1882-01-01,1885-12-31,0,1,1
8712,4732,81,1886-02-15,1886-07-20,0,0,0
8713,5367,10,1905-01-01,1905-12-31,0,1,1
8715,3023,35,1830-12-01,1834-11-14,1,0,0
8716,3023,54,1835-01-01,1839-12-31,0,1,1
8717,2326,11,1832-12-10,1833-12-31,0,1,1
8718,2326,20,1833-01-01,1834-12-29,0,1,1
8719,2326,20,1841-06-29,1845-12-31,0,1,1
8720,1727,11,1833-01-01,1834-12-29,0,1,1
8721,3229,25,1832-02-01,1833-04-06,0,0,0
8722,3229,11,1833-01-01,1833-12-31,0,1,1
8723,3229,35,1835-04-23,1841-08-30,1,0,0
8724,3229,38,1834-07-22,1834-11-14,1,0,0
8725,3229,35,1846-07-08,1852-02-05,1,0,0
8726,2213,11,1834-01-01,1835-12-31,0,1,1
8728,1774,12,1832-11-26,1834-03-01,0,0,0
8729,2622,42,1832-11-26,1834-02-25,0,0,0
8730,2622,44,1859-06-18,1861-06-24,1,0,0
8731,2622,12,1834-03-01,1834-11-14,0,0,0
8732,2622,12,1835-04-30,1841-07-03,0,0,0
8733,2622,43,1841-01-01,1841-12-31,0,1,1
8734,2622,39,1846-07-06,1850-03-06,1,0,0
8735,3368,42,1839-12-02,1841-08-30,0,0,0
8736,3368,12,1841-07-03,1841-08-30,0,0,0
8737,3331,42,1834-12-20,1835-04-08,0,0,0
8738,3331,42,1841-09-06,1844-06-29,0,0,0
8739,3331,12,1844-04-15,1845-06-29,0,0,0
8740,3611,42,1844-06-29,1845-07-17,0,0,0
8741,3611,12,1845-06-29,1846-06-29,0,0,0
8742,3611,12,1852-02-27,1852-12-17,0,0,0
8743,2911,12,1846-07-17,1850-07-11,0,0,0
8744,2881,42,1848-04-04,1850-07-11,0,0,0
8745,2881,12,1850-07-11,1851-03-28,0,0,0
8746,4021,12,1852-12-28,1856-11-15,0,0,0
8747,4021,42,1850-07-11,1851-03-28,0,0,0
8748,4021,12,1851-03-28,1852-02-21,0,0,0
8749,4117,42,1852-12-28,1856-11-22,0,0,0
8750,4117,12,1856-11-15,1858-02-21,0,0,0
8751,4117,12,1859-06-18,1861-07-04,0,0,0
8753,3350,42,1845-07-17,1846-06-29,0,0,0
8754,3350,12,1858-02-26,1859-06-11,0,0,0
8755,3350,42,1852-02-27,1852-12-17,0,0,0
8756,4192,12,1861-07-04,1863-10-02,0,0,0
8757,4004,42,1861-07-08,1863-10-02,0,0,0
8758,4004,12,1863-10-02,1866-06-26,0,0,0
8759,4149,12,1866-07-10,1866-10-29,0,0,0
8760,4472,12,1866-10-29,1867-07-18,0,0,0
8761,5006,42,1866-11-29,1867-07-18,0,0,0
8762,5006,12,1867-07-18,1868-12-01,0,0,0
8763,5006,12,1874-02-27,1875-11-25,0,0,0
8764,5020,60,1867-03-01,1867-05-31,0,1,0
8766,4273,42,1863-10-02,1866-06-26,0,0,0
8767,4273,12,1868-12-12,1871-11-10,0,0,0
8769,5095,60,1868-01-01,1868-05-31,0,1,0
8770,5095,43,1875-01-01,1880-12-31,0,1,1
8772,4858,42,1868-01-01,1868-02-10,0,0,1
8773,4858,12,1871-11-10,1873-11-20,0,0,0
8774,5237,42,1873-09-26,1873-11-20,0,0,0
8775,5237,12,1873-11-20,1874-02-17,0,0,0
8776,5237,12,1880-05-03,1885-06-09,0,0,0
8777,5312,42,1874-01-01,1874-02-26,0,0,1
8778,5312,12,1875-11-25,1880-04-21,0,0,0
8781,5920,12,1885-07-27,1886-01-28,0,0,0
8783,5920,12,1895-07-08,1900-05-11,0,0,0
8784,5917,42,1878-01-01,1880-05-03,0,0,1
8787,5676,12,1886-02-09,1886-07-20,0,0,0
8788,5676,12,1892-08-20,1894-05-03,0,0,0
8789,5702,42,1894-05-03,1894-10-28,0,0,0
8791,6215,42,1892-08-20,1894-05-03,0,0,0
8792,6215,12,1894-05-03,1894-10-24,0,0,0
8793,6055,42,1895-08-30,1900-05-11,0,0,0
8794,6055,12,1900-05-11,1905-12-04,0,0,0
8796,7603,12,1905-12-12,1908-01-28,0,0,0
8797,6188,42,1905-12-12,1908-01-28,0,0,0
8798,6188,12,1908-01-28,1910-10-07,0,0,0
8803,7486,60,1892-06-15,1892-08-11,0,0,0
8804,7486,42,1900-05-11,1905-12-04,0,0,0
8820,3445,23,1852-12-28,1854-06-12,1,0,0
8821,3445,23,1859-06-18,1866-06-26,1,0,0
8822,3445,20,1868-12-09,1870-07-06,1,0,0
8823,3445,20,1886-02-06,1886-07-20,1,0,0
8824,3445,21,1870-07-06,1874-02-17,1,0,0
8825,3445,21,1880-04-28,1885-06-09,1,0,0
8826,2074,13,1818-01-01,1822-12-31,0,1,1
8827,2516,13,1830-01-01,1833-12-31,0,1,1
8828,2516,13,1834-01-01,1834-12-31,0,1,1
8829,2516,25,1835-04-18,1839-09-27,1,0,0
8830,2943,13,1834-01-01,1834-12-31,0,1,1
8831,2943,24,1839-02-15,1841-06-23,0,0,0
8832,2943,39,1841-06-23,1841-08-30,1,0,0
8833,2943,19,1846-01-01,1852-07-01,0,1,1
8834,2943,20,1854-06-12,1855-01-30,1,0,0
8835,2943,13,1835-01-01,1839-12-31,0,1,1
8836,2943,39,1859-06-22,1861-07-25,1,0,0
8837,2943,19,1855-01-01,1858-12-31,0,1,1
8838,2943,19,1861-01-01,1866-12-31,0,1,1
8839,2628,13,1834-01-01,1835-12-31,0,1,1
8840,2628,17,1845-01-01,1846-12-31,0,1,1
8841,2688,13,1852-01-01,1852-12-31,0,1,1
8842,4143,13,1852-01-01,1852-12-31,0,1,1
8843,4143,13,1861-01-01,1866-12-31,0,1,1
8844,4143,69,1868-01-01,1868-12-31,0,1,1
8845,4259,13,1855-01-01,1858-12-31,0,1,1
8846,4259,45,1859-01-01,1865-12-31,0,1,1
8847,4728,13,1856-01-01,1866-12-31,0,1,1
8848,4728,58,1868-11-17,1874-01-26,0,1,1
8849,4728,63,1880-01-01,1882-12-31,0,1,1
8850,4334,13,1857-01-01,1858-12-31,0,1,1
8851,4071,13,1858-01-01,1859-12-31,0,1,1
8852,4396,13,1858-01-01,1859-12-31,0,1,1
8853,4396,40,1866-07-12,1867-05-21,1,0,0
8854,4396,19,1867-01-01,1868-11-11,0,1,1
8855,4396,53,1874-02-21,1878-04-02,1,0,0
8858,4244,13,1866-01-01,1868-12-31,0,1,1
8859,4369,13,1866-01-01,1867-12-31,0,1,1
8860,4369,13,1867-01-01,1868-12-31,0,1,1
8861,4369,13,1886-01-01,1891-12-31,0,1,1
8862,4369,64,1891-09-21,1892-08-11,0,0,0
8863,4579,13,1868-01-01,1874-12-31,0,1,1
8864,4579,13,1880-01-01,1880-12-31,0,1,1
8865,4540,41,1859-04-28,1866-12-31,0,1,1
8866,4540,13,1868-01-01,1871-12-31,0,1,1
8867,4540,13,1871-01-01,1874-12-31,0,1,1
8868,4856,13,1874-01-01,1878-12-31,0,1,1
8869,4856,66,1878-04-02,1880-04-21,0,0,0
8870,5162,13,1874-01-01,1878-12-31,0,1,1
8871,5162,58,1878-01-01,1880-12-31,0,1,1
8872,5162,33,1885-06-24,1886-01-28,1,0,0
8873,5162,36,1895-07-04,1903-10-09,1,0,0
8874,5135,13,1874-01-01,1880-12-31,0,1,1
8875,4265,13,1878-01-01,1880-12-31,0,1,1
8876,4265,31,1859-06-23,1866-05-08,0,0,0
8877,5575,13,1880-01-01,1882-12-31,0,1,1
8878,5575,66,1882-05-08,1884-12-12,0,0,0
8879,5575,77,1886-01-01,1892-12-31,0,1,1
8880,5071,13,1880-01-01,1882-12-31,0,1,1
8881,5071,78,1882-01-01,1885-12-31,0,1,1
8882,5060,73,1872-01-01,1873-12-31,0,1,1
8883,5060,13,1882-01-01,1885-12-31,0,1,1
8884,5060,13,1905-01-01,1908-12-31,0,1,1
8885,5353,13,1883-01-01,1883-12-31,0,1,1
8886,5533,80,1885-01-01,1885-12-31,0,1,1
8887,5533,13,1885-01-01,1886-12-31,0,1,1
8888,5533,20,1887-01-14,1892-08-11,1,0,0
8889,5324,13,1886-01-01,1892-12-31,0,1,1
8890,5324,37,1886-01-01,1886-02-17,0,0,1
8891,5561,13,1886-01-01,1886-12-31,0,1,1
8892,4980,42,1885-01-01,1885-06-27,0,0,1
8893,4980,13,1886-01-01,1891-12-31,0,1,1
8894,4980,66,1891-11-09,1892-08-11,0,0,0
8895,5576,13,1887-01-01,1887-12-31,0,1,1
8896,5833,73,1880-01-01,1881-12-31,0,1,1
8897,5833,41,1881-01-01,1885-12-31,0,1,1
8898,5833,85,1886-02-06,1886-07-20,0,0,0
8899,5833,13,1892-01-01,1894-12-31,0,1,1
8900,5833,48,1894-03-10,1895-06-21,0,0,0
8901,5833,19,1905-01-01,1910-12-31,0,1,1
8902,5833,93,1899-01-01,1906-12-31,0,1,1
8903,6138,13,1895-01-01,1900-12-31,0,1,1
8904,6138,33,1900-11-12,1905-12-04,1,0,0
8906,8719,13,1895-01-01,1908-12-31,0,1,1
8907,8719,13,1908-01-01,1914-12-31,0,1,1
8908,5790,85,1886-01-01,1886-02-06,0,0,1
8909,5790,26,1895-01-01,1898-12-31,0,1,1
8910,5790,13,1898-01-01,1900-12-31,0,1,1
8911,5790,53,1900-11-12,1903-10-12,1,0,0
8912,5790,36,1903-10-09,1905-12-04,1,0,0
8913,5988,13,1900-01-01,1903-12-31,0,1,1
8914,7430,73,1895-01-01,1901-12-31,0,1,1
8915,7430,13,1902-01-01,1905-12-31,0,1,1
8916,7785,83,1902-01-01,1903-12-31,0,1,1
8917,7785,13,1903-01-01,1905-12-31,0,1,1
8918,6153,13,1905-01-01,1907-12-31,0,1,1
8919,5639,13,1905-01-01,1908-12-31,0,1,1
8920,7539,73,1892-01-01,1895-12-31,0,1,1
8921,7539,13,1907-01-01,1908-12-31,0,1,1
8922,7539,80,1908-01-01,1911-12-31,0,1,1
8925,5854,85,1905-12-14,1908-04-12,0,0,0
8926,5854,13,1908-01-01,1909-12-31,0,1,1
8970,1840,16,1843-01-01,1854-12-31,0,1,1
8971,1843,14,1832-12-10,1834-12-29,0,1,1
8972,1843,17,1835-04-08,1839-12-31,0,1,1
8973,5073,64,1886-01-01,1886-02-17,0,0,1
8975,5073,77,1874-01-01,1880-12-31,0,1,1
8976,4294,26,1868-01-01,1871-12-31,0,1,1
8978,4294,77,1883-01-01,1885-12-31,0,1,1
8981,4569,41,1857-03-27,1859-04-23,0,1,1
8982,4569,16,1865-01-01,1867-12-31,0,1,1
8983,2572,25,1839-09-27,1841-08-30,1,0,0
8984,2572,18,1846-01-01,1848-12-31,0,1,1
8985,2572,17,1832-12-12,1833-12-26,0,0,0
8986,3785,17,1845-01-01,1846-12-31,0,1,1
8987,2703,41,1839-01-01,1841-06-23,0,1,1
8988,2703,17,1846-01-01,1849-12-31,0,1,1
8989,4041,17,1848-01-01,1852-12-31,0,1,1
8990,4041,66,1853-01-05,1858-02-21,0,0,0
8991,3546,17,1849-01-01,1852-12-31,0,1,1
8992,4102,17,1855-01-01,1858-12-31,0,1,1
8993,2179,18,1834-01-01,1835-12-31,0,1,1
8994,2179,18,1841-01-01,1841-12-31,0,1,1
8995,2504,18,1845-01-01,1846-12-31,0,1,1
8996,2399,33,1830-11-22,1834-06-07,1,0,0
8997,2399,19,1841-06-29,1846-12-31,0,1,1
8998,2399,33,1852-12-30,1855-03-13,1,0,0
8999,3855,19,1852-07-07,1852-07-01,0,1,1
9000,3855,19,1858-01-01,1859-04-23,0,1,1
9001,3855,19,1866-01-01,1867-12-31,0,1,1
9002,2559,40,1858-03-06,1859-03-07,0,0,0
9003,2559,19,1859-04-28,1859-04-23,0,1,1
9004,4534,19,1874-01-31,1880-12-31,0,1,1
9005,4534,36,1886-01-01,1886-02-06,0,0,1
9006,4534,19,1885-11-24,1886-12-31,0,1,1
9007,5100,19,1886-07-01,1892-12-31,0,1,1
9008,5168,19,1895-07-13,1900-12-31,0,1,1
9009,5168,26,1878-01-01,1880-12-31,0,1,1
9013,8060,95,1905-01-01,1909-12-31,0,1,1
9014,8060,39,1909-06-25,1910-02-14,1,0,0
9049,3481,20,1852-07-07,1852-07-01,0,1,1
9050,3481,33,1858-03-08,1859-06-11,1,0,0
9051,3481,33,1866-07-12,1867-03-08,1,0,0
9052,3481,53,1867-03-08,1868-12-01,1,0,0
9053,4079,26,1852-01-01,1852-12-31,0,1,1
9054,4079,20,1858-02-26,1858-06-05,1,0,0
9055,4079,35,1858-01-01,1858-03-06,0,0,1
9056,4079,36,1858-09-02,1859-06-11,1,0,0
9057,4079,21,1866-07-06,1868-12-01,1,0,0
9059,7855,20,1903-10-09,1905-12-04,1,0,0
9060,7382,48,1905-12-10,1910-11-03,1,0,0
9076,6317,95,1891-01-01,1892-12-31,0,1,1
9077,6317,26,1895-01-01,1898-12-31,0,1,1
9091,3044,24,1834-06-19,1834-11-14,0,0,0
9092,3044,24,1835-04-20,1839-02-15,0,0,0
9093,2025,24,1834-12-18,1835-04-08,0,0,0
9094,3339,24,1846-01-24,1846-06-29,0,0,0
9095,3339,42,1856-11-22,1857-05-28,0,0,0
9096,3415,24,1852-12-30,1858-02-21,0,0,0
9097,3415,40,1859-04-28,1859-06-24,0,0,1
9098,3415,52,1890-01-01,1898-12-31,0,1,1
9099,3662,24,1852-02-28,1852-12-17,0,0,0
9100,4336,24,1858-03-13,1859-06-11,0,0,0
9101,4336,24,1866-07-12,1868-12-01,0,0,0
9102,4336,52,1898-01-01,1899-12-31,0,1,1
9103,4778,24,1868-12-16,1870-12-28,0,0,0
9104,5101,24,1870-12-28,1871-05-17,0,0,0
9105,5693,24,1886-02-22,1886-07-20,0,0,0
9106,5693,77,1893-01-01,1895-12-31,0,1,1
9107,2028,25,1833-04-06,1834-11-14,1,0,0
9108,3677,25,1852-02-28,1852-12-17,0,0,0
9111,3568,26,1841-01-01,1845-12-31,0,1,1
9112,2616,41,1839-01-01,1841-06-23,0,1,1
9113,2616,26,1841-01-01,1841-12-31,0,1,1
9114,2616,38,1849-04-17,1852-02-21,0,0,0
9115,3437,26,1841-01-01,1846-12-31,0,1,1
9116,3437,64,1853-01-05,1855-11-30,0,0,0
9117,3048,26,1846-01-01,1847-12-31,0,1,1
9118,3048,56,1851-01-01,1857-12-31,0,1,1
9119,3645,26,1846-01-01,1846-12-31,0,1,1
9120,3793,26,1852-01-01,1852-12-31,0,1,1
9121,4174,26,1855-01-01,,0,0,1
9122,5021,26,1871-01-01,1873-12-31,0,1,1
9123,5814,26,1884-01-01,1885-12-31,0,1,1
9125,5814,78,1892-07-04,1894-12-31,0,1,1
9126,5814,36,1894-03-10,1895-06-21,1,0,0
9127,5814,39,1905-12-10,1908-10-13,1,0,0
9128,6267,26,1905-01-01,1905-12-31,0,1,1
9147,2843,41,1833-01-01,1833-12-31,0,1,1
9148,2843,27,1832-02-08,1832-11-30,0,0,0
9149,2969,27,1834-06-19,1834-11-14,0,0,0
9150,2969,27,1835-04-20,1838-03-21,0,0,0
9151,2161,27,1836-01-01,1836-12-31,0,1,1
9152,2912,41,1844-01-01,1845-12-31,0,1,1
9153,2912,27,1845-08-07,1846-06-29,0,0,0
9154,2169,28,1834-12-19,1835-04-08,0,0,0
9155,3056,28,1834-05-17,1834-11-14,0,0,0
9156,3056,28,1835-04-20,1835-04-20,0,0,0
9157,3814,68,1835-01-07,1835-04-08,0,0,0
9158,3814,68,1841-09-09,1846-06-29,0,0,0
9159,3814,28,1842-10-26,1846-06-29,0,0,0
9160,3597,28,1846-07-06,1851-04-07,0,0,0
9161,4120,68,1850-02-07,1852-02-21,0,0,0
9162,4120,28,1852-12-30,1858-02-21,0,0,0
9163,4120,28,1859-01-01,1859-04-15,0,0,1
9164,4120,28,1868-12-10,1869-10-14,0,0,0
9165,4611,42,1858-01-01,1858-02-26,0,0,1
9166,4611,28,1859-04-15,1859-06-11,0,0,0
9167,5027,68,1866-07-12,1868-12-01,0,0,0
9168,5027,28,1867-02-28,1868-12-01,0,0,0
9169,5027,28,1874-02-26,1874-07-21,0,0,0
9170,4957,68,1862-11-11,1866-06-26,0,0,0
9171,4957,68,1868-12-14,1874-02-17,0,0,0
9172,4957,28,1869-10-14,1874-02-17,0,0,0
9173,5574,68,1874-07-21,1876-12-05,0,0,0
9174,5574,28,1874-07-21,1880-04-21,0,0,0
9175,5845,28,1880-05-05,1881-08-19,0,0,0
9176,6013,68,1876-12-05,1880-04-21,0,0,0
9177,6013,28,1885-07-02,1886-01-28,0,0,0
9178,5959,68,1885-07-02,1886-01-28,0,0,0
9179,5959,68,1886-01-01,1886-02-13,0,0,1
9180,5959,28,1888-10-27,1891-10-01,0,0,0
9181,6432,68,1891-10-01,1892-08-11,0,0,0
9182,6432,68,1895-07-11,1896-05-14,0,0,0
9183,6432,28,1896-05-14,1903-10-17,0,0,0
9184,6432,88,1903-10-09,1905-02-02,1,0,0
9185,7953,28,1903-10-17,1905-12-04,0,0,0
9186,7953,68,1896-05-14,1905-10-17,0,0,0
9187,7261,28,1905-12-12,1909-02-14,0,0,0
9188,7261,68,1894-03-22,1895-06-21,0,0,0
9189,7325,68,1905-01-01,1905-10-17,0,0,1
9190,7325,28,1909-02-14,1913-10-30,0,0,0
9193,7462,42,1905-01-01,1905-12-12,0,0,1
9203,2322,29,1830-11-23,1834-11-14,0,0,0
9204,2322,31,1846-08-03,1847-07-23,0,0,0
9205,3108,29,1846-07-06,1847-07-23,0,0,0
9206,3108,31,1847-07-23,1852-02-21,0,0,0
9207,2240,29,1847-07-23,1851-07-23,0,0,0
9208,4017,29,1851-07-23,1852-02-21,0,0,0
9209,4017,31,1853-01-04,1858-02-21,0,0,0
9210,3925,29,1853-01-04,1856-07-25,0,0,0
9211,3225,29,1852-02-27,1852-12-17,0,0,0
9212,3225,29,1858-02-26,1859-06-11,0,0,0
9213,4217,29,1856-07-25,1858-02-21,0,0,0
9214,4217,51,1859-06-23,1866-06-26,0,0,0
9215,4217,51,1868-12-12,1872-02-25,0,0,0
9216,4826,29,1866-07-10,1868-12-01,0,0,0
9217,4878,31,1866-05-08,1866-06-26,0,0,0
9218,4878,29,1868-12-12,1874-02-17,0,0,0
9219,5290,29,1874-03-02,1879-02-04,0,0,0
9220,4994,29,1874-01-01,1874-03-02,0,0,1
9221,5252,29,1879-02-04,1880-04-21,0,0,0
9222,5122,29,1880-05-03,1885-06-09,0,0,0
9223,5674,29,1885-06-27,1886-01-28,0,0,0
9224,5674,29,1886-01-01,1886-02-10,0,0,1
9225,5674,29,1895-07-10,1905-12-04,0,0,0
9226,6177,82,1886-02-13,1886-07-20,0,0,0
9227,6177,29,1892-08-25,1895-06-21,0,0,0
9228,6880,29,1898-01-01,1905-12-18,0,0,1
9229,6880,87,1905-01-01,1911-12-31,0,1,1
9231,7298,29,1905-12-18,1915-05-25,0,0,0
9232,7298,92,1909-06-05,1910-02-20,0,0,0
9249,2889,31,1841-09-09,1846-06-29,0,0,0
9250,3404,31,1852-02-27,1852-12-17,0,0,0
9251,3404,31,1858-01-01,1858-02-26,0,0,1
9252,3404,51,1866-01-01,1866-07-10,0,0,1
9253,4348,31,1867-02-27,1868-12-01,0,0,0
9254,5169,31,1874-03-02,1875-12-14,0,0,0
9255,4690,31,1875-12-14,1880-04-21,0,0,0
9256,5499,31,1885-06-27,1886-01-28,0,0,0
9257,5499,31,1886-01-01,1886-02-17,0,0,1
9258,6429,31,1894-03-13,1895-06-21,0,0,0
9259,6429,73,1893-01-01,1894-12-31,0,1,1
9260,6223,31,1896-01-01,1900-12-04,0,0,1
9261,6427,31,1900-12-04,1903-10-13,0,0,0
9262,6427,80,1903-01-01,1905-12-31,0,1,1
9263,7314,57,1903-01-01,1910-12-31,0,1,1
9264,7314,31,1903-10-13,1905-12-04,0,0,0
9266,8322,31,1909-12-20,1912-02-21,0,0,0
9272,8023,73,1900-01-01,1905-12-31,0,1,1
9291,2466,32,1835-04-22,1841-08-30,1,0,0
9292,2466,38,1846-01-01,1846-03-02,0,0,1
9293,2466,39,1850-03-06,1852-02-21,1,0,0
9295,3116,41,1834-01-01,1835-12-31,0,1,1
9296,3116,38,1841-09-16,1846-03-02,1,0,0
9297,3116,32,1846-02-14,1846-06-29,0,0,0
9298,3961,32,1852-03-01,1852-12-17,0,0,0
9299,3961,32,1858-03-04,1859-06-11,0,0,0
9300,2661,45,1852-01-01,1853-12-31,0,1,1
9301,2661,39,1867-06-26,1868-11-07,0,0,0
9302,2661,32,1868-09-29,1868-12-01,0,0,0
9303,4876,57,1868-01-01,1874-12-31,0,1,1
9304,4876,32,1885-01-01,1886-01-23,0,0,1
9305,4876,79,1886-07-01,1887-12-31,0,1,1
9306,4876,75,1874-01-01,1880-12-31,0,1,1
9307,5872,32,1886-01-01,1886-01-23,0,0,1
9308,5872,32,1892-08-22,1895-06-21,1,0,0
9309,5872,36,1905-12-10,1910-11-03,1,0,0
9310,5221,66,1874-02-21,1877-08-14,0,0,0
9311,5221,33,1877-08-14,1880-04-21,1,0,0
9312,5221,53,1885-06-24,1886-01-28,1,0,0
9313,5221,53,1886-01-01,1886-02-06,0,0,1
9314,5221,32,1886-01-23,1886-01-28,0,0,0
9315,5221,59,1887-01-17,1891-10-01,1,0,0
9316,5221,84,1887-01-17,1891-10-01,0,0,0
9318,5720,32,1891-11-09,1892-08-11,0,0,0
9320,6390,95,1898-01-01,1900-12-31,0,1,1
9321,6390,32,1900-11-09,1905-03-12,1,0,0
9322,8225,32,1905-01-01,1905-03-12,0,0,1
9324,3149,34,1830-01-01,1834-12-31,0,1,1
9325,3175,34,1846-07-13,1849-05-21,0,0,0
9326,3768,34,1853-01-06,1858-02-21,0,0,0
9327,4650,34,1859-01-01,1859-03-09,0,0,1
9328,4016,34,1859-01-01,1859-03-09,0,0,1
9329,3859,41,1846-01-01,1852-07-01,0,1,1
9330,3859,41,1858-01-01,1859-04-23,0,1,1
9331,3859,34,1866-07-16,1868-12-01,0,0,0
9332,3859,69,1874-01-01,1876-12-31,0,1,1
9333,5255,92,1886-02-07,1886-04-12,0,0,0
9334,5255,39,1886-04-16,1886-07-20,0,0,0
9335,5255,34,1892-01-01,1895-12-31,0,1,1
9336,3008,53,1834-01-01,1835-12-31,0,1,1
9337,3008,35,1852-02-28,1852-12-17,1,0,0
9338,4342,36,1866-07-06,1867-03-08,1,0,0
9339,8151,73,1906-01-01,1908-12-31,0,1,1
9347,8151,73,1908-01-01,1910-12-31,0,1,1
9354,3098,38,1834-12-23,1835-04-08,0,0,0
9355,3098,39,1841-09-03,1846-06-29,1,0,0
9356,3101,39,1834-12-26,1835-02-20,0,0,0
9357,2534,39,1852-03-01,1852-12-17,0,0,0
9358,3963,39,1855-12-07,1858-02-21,1,0,0
9359,3661,39,1866-07-10,1867-06-26,0,0,0
9360,3661,40,1867-05-21,1868-12-01,0,0,0
9361,4548,45,1865-01-01,1872-12-31,0,1,1
9362,4548,80,1873-01-01,1874-12-31,0,1,1
9363,4548,78,1880-03-31,1882-12-31,0,1,1
9364,4548,39,1882-01-01,1882-07-25,0,0,1
9365,5148,39,1885-06-24,1886-01-28,0,0,0
9366,5148,90,1889-09-09,1892-08-11,1,0,0
9367,5148,78,1895-07-13,1900-12-31,0,1,1
9368,3706,39,1886-07-01,1886-08-03,0,0,1
9369,4892,39,1886-02-06,1886-04-16,0,0,0
9370,5672,39,1902-08-11,1905-12-04,0,0,0
9371,5672,75,1895-01-01,1902-12-31,0,1,1
9372,5672,41,1885-11-24,1886-12-31,0,1,1
9373,5672,41,1886-07-01,1892-12-31,0,1,1
9374,5672,93,1895-01-01,1902-12-31,0,1,1
9375,7390,73,1892-01-01,1895-12-31,0,1,1
9376,7390,82,1905-12-18,1908-06-03,0,0,0
9377,7390,75,1908-01-01,1910-12-31,0,1,1
9381,7390,93,1908-01-01,1910-12-31,0,1,1
9388,7244,73,1903-01-01,1905-12-31,0,1,1
9392,3695,40,1852-03-01,1852-12-17,0,0,0
9393,3745,40,1859-03-07,1859-06-11,0,0,0
9394,2585,41,1834-01-01,1835-12-31,0,1,1
9395,2726,41,1834-01-01,1834-12-29,0,1,1
9396,3107,41,1835-01-06,1837-07-17,0,1,1
9397,3430,41,1840-01-01,1841-06-23,0,1,1
9398,3430,63,1855-01-01,1857-12-31,0,1,1
9399,3226,41,1841-06-29,1846-12-31,0,1,1
9400,2757,41,1841-06-29,1846-12-31,0,1,1
9401,3537,41,1845-01-01,1846-12-31,0,1,1
9402,3765,41,1846-01-01,1846-12-31,0,1,1
9403,3148,41,1846-01-01,1847-07-23,0,1,1
9404,3485,41,1846-01-01,1846-12-31,0,1,1
9405,3512,41,1846-01-01,1852-07-01,0,1,1
9406,3469,41,1847-07-29,1848-12-31,0,1,1
9407,3673,41,1852-07-07,1855-12-31,0,1,1
9408,3911,41,1852-07-07,1854-12-31,0,1,1
9409,3857,41,1852-07-07,1852-07-01,0,1,1
9410,3790,41,1852-07-07,1855-12-31,0,1,1
9411,3820,41,1852-07-07,1852-07-01,0,1,1
9412,3551,41,1855-01-01,1858-12-31,0,1,1
9413,4277,41,1855-01-01,1855-12-31,0,1,1
9414,4163,41,1858-01-01,1859-04-23,0,1,1
9415,4163,74,1858-01-01,1859-12-31,0,1,1
9416,4163,41,1866-01-01,1868-11-11,0,1,1
9417,4163,74,1866-01-01,1868-12-31,0,1,1
9418,4383,41,1859-04-28,1859-04-23,0,1,1
9419,4448,41,1859-04-28,1861-12-31,0,1,1
9420,4623,41,1862-01-01,1866-12-31,0,1,1
9421,4309,41,1865-07-11,1866-12-31,0,1,1
9422,4051,45,1872-01-01,1872-12-31,0,1,1
9423,4051,41,1866-01-01,1866-12-31,0,1,1
9424,4271,41,1866-01-01,1868-11-11,0,1,1
9425,3718,41,1868-11-17,1869-12-31,0,1,1
9426,4895,41,1868-11-17,1868-11-11,0,1,1
9427,5468,41,1869-01-01,1869-12-31,0,1,1
9428,4834,41,1869-01-01,1874-01-26,0,1,1
9429,4969,41,1873-01-01,1874-01-26,0,1,1
9430,4969,66,1880-04-22,1882-05-08,0,0,0
9431,4969,63,1882-01-01,1882-12-31,0,1,1
9432,5149,41,1874-01-31,1880-12-31,0,1,1
9433,5032,41,1874-01-31,1876-12-31,0,1,1
9434,5107,41,1876-01-01,1880-12-31,0,1,1
9435,4949,41,1880-03-31,1882-12-31,0,1,1
9436,4949,85,1882-05-13,1885-06-09,0,0,0
9437,5578,41,1885-11-24,1886-12-31,0,1,1
9438,5578,41,1886-07-01,1892-12-31,0,1,1
9439,5058,41,1885-11-24,1886-12-31,0,1,1
9440,5810,41,1886-07-01,1892-12-31,0,1,1
9441,5457,41,1886-07-01,1886-12-31,0,1,1
9442,5661,55,1905-12-12,1912-05-23,0,0,0
9444,5661,41,1892-07-04,1895-12-31,0,1,1
9445,5904,73,1886-01-01,1886-12-31,0,1,1
9446,5904,73,1892-01-01,1894-12-31,0,1,1
9447,5904,41,1894-01-01,1895-12-31,0,1,1
9448,6319,41,1895-07-13,1903-12-31,0,1,1
9451,3126,42,1834-01-01,1834-02-25,0,0,1
9452,3126,42,1835-01-01,1835-04-20,0,0,1
9453,2817,42,1834-02-25,1834-11-06,0,0,0
9454,2817,44,1836-01-16,1841-08-30,1,0,0
9455,4407,42,1850-01-01,1850-07-11,0,0,1
9456,4407,42,1858-01-01,1858-02-26,0,0,1
9457,4000,42,1851-03-28,1852-02-21,0,0,0
9458,4279,42,1857-05-28,1858-02-21,0,0,0
9459,4850,42,1868-01-01,1868-02-10,0,0,1
9460,4869,42,1868-01-01,1868-02-10,0,0,1
9461,4869,42,1874-01-01,1874-02-26,0,0,1
9462,5151,42,1870-01-01,1870-08-05,0,0,1
9463,5094,42,1871-11-10,1873-09-26,0,0,0
9464,5579,44,1885-06-24,1886-01-28,1,0,0
9465,5579,42,1874-01-01,1874-02-26,0,0,1
9467,5579,44,1895-06-29,1905-12-04,1,0,0
9468,5529,42,1880-05-03,1885-06-09,0,0,0
9469,5529,67,1886-01-01,1886-12-31,0,1,1
9470,5844,42,1880-01-01,1880-05-03,0,0,1
9471,5853,42,1881-01-01,1882-01-17,0,0,1
9472,5657,42,1886-01-01,1886-02-06,0,0,1
9473,5627,42,1886-01-01,1886-02-06,0,0,1
9474,6224,42,1894-01-01,1894-05-03,0,0,1
9475,6398,42,1908-01-28,1910-03-06,0,0,0
9481,4063,61,1844-01-01,1844-12-31,0,1,1
9482,4063,43,1858-01-01,1859-12-31,0,1,1
9483,7278,60,1905-12-20,1914-07-01,0,0,0
9484,7278,61,1909-12-02,1909-12-31,0,1,0
9486,7485,60,1903-07-08,1905-12-04,0,0,0
9489,7485,61,1905-01-01,1905-12-20,0,0,1
9490,3051,45,1841-01-01,1847-12-31,0,1,1
9491,2857,46,1835-01-01,1841-12-31,0,1,1
9492,2759,46,1846-07-08,1852-02-21,0,0,0
9493,4198,46,1852-01-01,1852-06-18,0,0,1
9494,5788,46,1886-01-01,1886-12-31,0,1,1
9495,5788,85,1892-08-22,1895-06-21,0,0,0
9496,5686,85,1885-06-26,1886-01-28,0,0,0
9497,5686,46,1886-01-01,1887-12-31,0,1,1
9498,2789,48,1855-07-21,1858-02-21,0,0,0
9499,2789,47,1854-01-14,1855-08-13,0,0,0
9500,4643,47,1867-01-01,1868-11-11,0,1,1
9501,4643,58,1867-01-01,1868-11-11,0,1,1
9507,2930,50,1852-01-01,1852-12-31,0,1,1
9508,3091,51,1841-09-07,1846-06-29,0,0,0
9509,3091,51,1852-12-30,1858-02-21,0,0,0
9510,4058,51,1846-01-01,1846-07-08,0,0,1
9514,4734,51,1872-02-25,1874-02-17,0,0,0
9515,4734,75,1880-01-01,1880-12-31,0,1,1
9516,4958,51,1880-05-03,1885-06-09,0,0,0
9517,5601,51,1885-01-01,1886-02-19,0,0,1
9518,5601,51,1886-01-01,1886-02-19,0,0,1
9519,6167,51,1886-02-19,1886-07-20,0,0,0
9520,6360,82,1900-11-07,1905-03-15,0,0,0
9521,6360,90,1905-03-14,1905-12-04,1,0,0
9522,6360,51,1895-07-10,1900-12-03,0,0,0
9523,7234,51,1905-12-18,1907-02-27,0,0,0
9525,8045,82,1906-02-02,1907-02-27,0,0,0
9526,8045,51,1907-02-27,1911-02-06,0,0,0
9530,8186,73,1908-01-01,1910-12-31,0,1,1
9533,2989,52,1874-01-01,1890-12-31,0,1,1
9534,4479,52,1899-01-01,1901-12-31,0,1,1
9535,5026,52,1906-01-01,1907-12-31,0,1,1
9536,5271,52,1908-01-01,1910-12-31,0,1,1
9540,7537,96,1900-01-01,1903-12-31,0,1,1
9541,7537,53,1903-10-12,1905-12-04,1,0,0
9542,6041,53,1905-12-10,1912-06-12,1,0,0
9545,5930,55,1892-08-18,1895-06-21,0,0,0
9546,6101,55,1902-03-11,1905-12-04,0,0,0
9553,6248,82,1892-08-22,1895-06-21,0,0,0
9556,7972,57,1906-01-01,,0,0,1
9568,3326,60,1834-10-21,1834-11-14,0,0,0
9569,3326,60,1835-04-29,1835-09-21,0,0,0
9570,3326,61,1835-01-01,1835-04-29,0,0,1
9571,3426,60,1836-11-10,1839-02-11,0,0,0
9572,3426,61,1837-02-03,1838-07-11,0,0,0
9573,3805,60,1842-01-01,1842-09-21,0,0,1
9574,3805,61,1842-01-01,1842-11-10,0,0,1
9575,3892,60,1853-04-01,1855-03-01,0,0,0
9576,3892,61,1855-03-01,1856-03-01,0,0,0
9577,4119,60,1852-02-01,1852-12-17,0,0,0
9578,4119,61,1858-02-21,1859-06-11,0,0,0
9579,4385,60,1859-01-01,1859-01-01,0,0,1
9580,4313,60,1859-02-01,1859-07-31,0,0,0
9581,4772,60,1860-02-01,1860-12-31,0,0,0
9582,4772,61,1861-01-01,1865-01-01,0,0,0
9583,4861,60,1866-08-03,1866-11-08,0,0,0
9584,4861,61,1866-01-01,1866-07-25,0,0,1
9585,5435,60,1872-11-18,1874-02-17,0,0,0
9586,5435,61,1880-05-10,1881-11-17,0,0,0
9587,6092,60,1880-01-01,1880-05-24,0,0,1
9588,6092,61,1887-08-15,1890-08-15,0,0,0
9589,5729,60,1880-05-24,1881-11-18,0,0,0
9590,5729,61,1881-11-17,1883-01-03,0,0,0
9591,5890,60,1883-12-19,1885-01-01,0,0,0
9592,6354,60,1888-08-15,1890-08-15,0,0,0
9593,6354,61,1890-08-15,1892-08-11,0,0,0
9594,7206,61,1895-07-08,1905-12-04,0,0,0
9595,7206,60,1890-08-15,1892-06-15,0,0,0
9596,7222,60,1892-01-01,1892-06-15,0,0,1
9597,7563,60,1895-08-28,1898-03-03,0,0,0
9598,7523,60,1897-01-01,1897-12-31,0,1,1
9605,3429,61,1838-07-11,1840-08-11,0,0,0
9606,4097,61,1850-09-23,1852-02-21,0,0,0
9607,4993,61,1866-07-25,1866-11-01,0,0,0
9608,5009,61,1867-01-01,1867-06-01,0,1,0
9609,5537,61,1877-02-15,1880-04-21,0,0,0
9610,5537,67,1885-01-01,1892-12-31,0,1,1
9611,5537,67,1895-01-01,1905-12-31,0,1,1
9612,8253,61,1905-12-20,1909-12-02,0,0,0
9614,6151,62,1892-01-01,1895-12-31,0,1,1
9615,3733,64,1859-01-01,1859-06-24,0,0,1
9616,4822,64,1880-05-03,1884-11-07,0,0,0
9617,5837,64,1892-08-18,1895-06-21,1,0,0
9618,5837,75,1886-01-01,1886-12-31,0,1,1
9619,5837,87,1886-01-01,1892-12-31,0,1,1
9620,5837,93,1886-01-01,1886-12-31,0,1,1
9621,7255,82,1895-01-01,1900-12-31,0,1,1
9622,7255,85,1900-01-01,1903-10-12,0,0,1
9623,7255,64,1903-10-09,1905-12-04,1,0,0
9629,5766,66,1903-04-10,1903-10-09,0,0,0
9636,5247,67,1900-01-01,1905-12-31,0,1,1
9637,3845,68,1840-05-09,1841-08-30,0,0,0
9638,3845,68,1846-07-06,1850-02-07,0,0,0
9639,6380,68,1888-10-27,1890-10-31,0,0,0
9641,7899,68,1909-02-18,1913-10-30,0,0,0
9643,5750,70,1894-05-01,1895-06-21,0,0,0
9644,3939,71,1839-01-01,1847-12-31,0,1,1
9645,4035,72,1859-01-01,,0,0,1
9646,4153,73,1852-01-01,,0,0,1
9663,5771,73,1885-01-01,,0,0,1
9664,6253,73,1886-01-01,1892-12-31,0,1,1
9665,6314,73,1887-01-01,1892-12-31,0,1,1
9666,6314,73,1895-01-01,1900-12-31,0,1,1
9667,6309,73,1887-01-01,1892-12-31,0,1,1
9669,6395,73,1896-01-01,1901-12-31,0,1,1
9670,6395,73,1888-01-01,1892-12-31,0,1,1
9671,7843,73,1895-01-01,1898-12-31,0,1,1
9672,7843,73,1900-01-01,1903-12-31,0,1,1
9674,7660,73,1895-01-01,,0,0,1
9675,7750,73,1895-01-01,1898-12-31,0,1,1
9676,7591,73,1897-01-01,1899-12-31,0,1,1
9677,7968,73,1900-01-01,1903-12-31,0,1,1
9678,6399,73,1901-01-01,1903-12-31,0,1,1
9679,8187,73,1906-01-01,1909-12-31,0,1,1
9680,8187,73,1909-01-01,1910-12-31,0,1,1
9681,8137,73,1906-01-01,1909-12-31,0,1,1
9682,8326,73,1906-01-01,1908-12-31,0,1,1
9683,8336,73,1908-01-01,1910-12-31,0,1,1
9684,8226,73,1908-01-01,1915-12-31,0,1,1
9685,8091,73,1908-01-01,1915-12-31,0,1,1
9686,8235,73,1908-01-01,1910-12-31,0,1,1
9687,8505,73,1909-01-01,1918-12-31,0,1,1
9688,8381,73,1909-01-01,1909-12-31,0,1,1
9690,8399,73,1909-01-01,1910-12-31,0,1,1
9753,4541,75,1868-01-01,1868-12-31,0,1,1
9754,7256,75,1905-01-01,1908-12-31,0,1,1
9755,7256,93,1905-01-01,1908-12-31,0,1,1
9763,5304,80,1895-01-01,1895-12-31,0,1,1
9764,5304,90,1900-11-16,1903-05-20,1,0,0
9765,4560,81,1874-03-04,1880-04-21,0,0,0
9766,5772,93,1886-01-01,1890-12-31,0,1,1
9767,5772,81,1884-01-01,1885-07-01,0,0,1
9768,5687,81,1885-07-01,1886-01-28,0,0,0
9769,5687,81,1886-01-01,1886-02-15,0,0,1
9770,6438,81,1905-12-18,1915-05-25,0,0,0
9771,4622,82,1865-04-21,1866-06-26,0,0,0
9772,5644,82,1886-02-13,1886-07-20,0,0,0
9773,7368,82,1905-12-21,1909-07-07,0,0,0
9781,4814,85,1877-08-13,1880-04-21,0,0,0
9782,5948,85,1895-07-03,1903-10-12,0,0,0
9783,6289,85,1903-10-12,1905-12-04,0,0,0
9789,4855,46,1874-01-01,1880-12-31,0,1,1
9793,7262,88,1908-04-12,1912-02-13,1,0,0
9794,7262,87,1906-01-01,1906-12-31,0,1,1
9805,7529,89,1905-01-01,1906-12-31,0,1,1
9806,6270,89,1906-01-01,1910-12-31,0,1,1
9808,6155,90,1892-08-25,1895-06-21,0,0,0
9813,5754,94,1895-01-01,1902-12-31,0,1,1
9814,5927,96,1895-01-01,1900-12-31,0,1,1
9816,6367,99,1891-01-01,1892-12-31,0,1,1
9822,8001,107,1900-01-01,1902-12-31,0,1,1
9827,3567,131,1853-01-05,1858-02-21,0,0,0
9828,3790,82,1853-01-01,1855-03-07,0,0,0
9829,3911,82,1853-01-01,1854-03-06,0,0,0
9830,3984,82,1854-03-06,1855-04-16,0,0,0
9831,3126,44,1852-12-28,1858-02-21,1,0,0
9832,1885,84,1854-06-12,1855-01-30,1,0,0
9833,6592,37,1853-01-04,1855-12-07,1,0,0
9834,1584,132,1852-12-28,1855-01-30,1,0,0
9835,3446,133,1852-12-28,1855-02-16,0,0,0
9836,6580,21,1853-02-21,1858-02-21,1,0,0
9837,3370,134,1852-12-28,1855-12-31,0,1,0
9838,4084,136,1852-12-28,1855-01-30,0,0,0
9839,4084,138,1854-06-12,1855-01-30,0,0,0
9840,3346,81,1852-12-30,1855-01-30,0,0,0
9841,4218,161,1852-12-30,1855-01-30,0,0,0
9842,2595,39,1853-01-03,1854-06-21,0,0,0
9843,3445,39,1854-06-21,1855-01-30,1,0,0
9844,3241,25,1852-12-30,1855-01-30,1,0,0
9845,2930,48,1853-01-05,1855-07-21,1,0,0
9846,2116,141,1852-09-30,1855-06-28,0,0,0
9847,4198,42,1853-01-05,1855-01-30,0,0,0
9848,3963,40,1852-12-30,1855-01-30,0,0,0
9849,4075,144,1853-01-07,1856-05-09,0,0,0
9850,2283,146,1853-01-15,1858-02-21,0,0,0
9851,2556,147,1853-01-21,1858-02-21,0,0,0
9852,2731,150,1852-12-30,1858-02-21,0,0,0
9853,3518,151,1852-12-30,1858-02-21,0,0,0
9854,3121,70,1853-01-13,1858-02-21,0,0,0
9855,2711,70,1853-01-13,1858-02-21,0,0,0
9856,1664,2,1834-12-10,1835-04-08,1,0,0
9857,1664,59,1834-12-10,1835-04-08,1,0,0
9858,1664,84,1834-12-10,1835-04-08,1,0,0
9859,1664,1,1834-12-10,1835-04-08,1,0,0
9860,2884,66,1834-12-20,1835-04-08,0,0,0
9861,1703,131,1834-12-19,1835-04-08,0,0,0
9862,1975,82,1834-12-26,1835-04-08,0,0,0
9863,3116,82,1834-12-26,1835-04-08,0,0,0
9864,2585,82,1834-12-26,1835-04-08,0,0,0
9865,3114,82,1834-12-26,1835-04-08,0,0,0
9866,3104,82,1834-12-26,1835-01-27,0,0,0
9867,2898,82,1835-03-14,1835-04-08,0,0,0
9868,1995,44,1834-11-21,1834-12-09,1,0,0
9869,6541,37,1834-12-15,1835-04-08,1,0,0
9870,1824,132,1834-12-15,1835-04-08,1,0,0
9871,1299,21,1834-11-17,1834-12-09,1,0,0
9872,1299,130,1834-11-17,1834-12-09,1,0,0
9873,2628,134,1834-12-17,1835-04-08,0,0,0
9874,6511,135,1834-12-20,1835-04-08,1,0,0
9875,3104,136,1835-01-27,1835-04-08,0,0,0
9876,2641,81,1834-12-22,1835-04-08,0,0,0
9877,2714,17,1834-12-20,1835-01-08,0,0,0
9878,3241,17,1835-01-08,1835-04-08,0,0,0
9879,2355,141,1834-12-18,1835-04-08,1,0,0
9880,2798,155,1835-01-12,1835-04-08,0,0,0
9881,1203,42,1834-12-22,1835-04-08,0,0,0
9882,3342,143,1834-12-22,1835-04-08,0,0,0
9883,2179,156,1834-12-23,1835-04-08,1,0,0
9884,3008,25,1834-12-16,1835-04-08,1,0,0
9885,2213,32,1834-12-16,1835-04-08,0,0,0
9886,1073,140,1835-01-01,1835-04-08,0,0,0
9887,1475,157,1834-12-23,1835-04-08,0,0,0
9888,1023,64,1834-12-23,1835-04-08,0,0,0
9889,2777,12,1834-12-17,1835-04-08,0,0,0
9890,2680,146,1834-12-15,1835-04-08,0,0,0
9891,1315,31,1826-05-27,1841-08-30,0,0,0
9892,1198,149,1835-01-05,1835-04-08,0,0,0
9893,6570,150,1834-12-30,1835-04-08,0,0,0
9894,1299,2,1834-11-17,1834-12-09,1,0,0
9895,1299,132,1834-11-17,1834-12-09,1,0,0
9896,1299,135,1834-11-17,1834-12-09,1,0,0
9897,2118,1,1834-11-15,1834-12-09,1,0,0
9898,1299,5,1834-11-21,1834-11-21,1,0,0
9899,1023,5,1834-11-21,1834-11-21,1,0,0
9900,2025,5,1834-11-21,1834-11-21,1,0,0
9901,1664,2,1841-08-30,1846-06-29,1,0,0
9902,1664,59,1841-08-30,1846-06-29,1,0,0
9903,1664,84,1841-08-30,1846-06-29,1,0,0
9904,2884,131,1841-09-08,1844-05-21,0,0,0
9905,2908,131,1844-05-21,1846-06-29,0,0,0
9906,1703,66,1841-09-08,1845-02-04,0,0,0
9907,3781,66,1845-02-04,1846-06-29,0,0,0
9908,3226,82,1841-09-06,1846-03-11,0,0,0
9909,2757,82,1841-09-06,1846-06-27,0,0,0
9910,2798,82,1841-09-06,1841-09-16,0,0,0
9911,2684,82,1841-09-06,1845-04-26,0,0,0
9912,2908,82,1841-09-16,1844-05-21,0,0,0
9913,2912,82,1844-05-21,1845-08-08,0,0,0
9914,3537,82,1845-04-26,1846-03-11,0,0,0
9915,3650,82,1845-08-08,1846-06-27,0,0,0
9916,3736,82,1846-03-11,1846-06-27,0,0,0
9917,3765,82,1846-03-11,1846-06-27,0,0,0
9918,1995,44,1841-09-03,1846-06-29,1,0,0
9919,6541,23,1841-09-03,1846-01-21,1,0,0
9920,6566,23,1846-01-21,1846-06-29,1,0,0
9921,2886,37,1841-09-03,1842-02-02,1,0,0
9922,6566,37,1842-02-02,1846-01-21,1,0,0
9923,1073,37,1846-01-21,1846-06-29,1,0,0
9924,2399,132,1841-09-03,1846-06-29,1,0,0
9925,3601,133,1841-09-03,1846-06-29,0,0,0
9926,6511,21,1841-09-03,1846-06-29,1,0,0
9927,3437,134,1841-09-04,1846-01-27,0,0,0
9928,3645,134,1846-01-27,1846-06-29,0,0,0
9929,2326,135,1841-09-03,1845-12-23,1,0,0
9930,3104,135,1845-12-23,1846-06-29,1,0,0
9931,3568,136,1841-09-08,1846-06-29,0,0,0
9932,1073,33,1841-09-06,1846-01-08,1,0,0
9933,1875,33,1846-01-08,1846-06-29,1,0,0
9934,3241,34,1841-09-10,1845-02-04,0,0,0
9935,3211,81,1841-09-06,1845-02-10,0,0,0
9936,3446,81,1845-02-10,1846-06-29,0,0,0
9937,1388,35,1843-05-17,1846-06-29,1,0,0
9938,2855,161,1841-09-08,1841-09-08,0,0,0
9939,2504,161,1841-09-08,1845-02-17,0,0,0
9940,3785,161,1845-02-17,1845-08-05,0,0,0
9941,2628,161,1845-08-05,1846-06-27,0,0,0
9942,2179,55,1841-09-08,1845-03-01,1,0,0
9943,2504,55,1845-03-01,1846-06-29,1,0,0
9944,1388,6,1841-09-03,1843-05-15,1,0,0
9945,3493,6,1845-02-05,1846-06-29,1,0,0
9946,3378,9,1843-06-10,1845-02-05,0,0,0
9947,2213,25,1841-09-04,1844-05-17,1,0,0
9948,3241,25,1845-02-04,1846-06-29,1,0,0
9949,3437,38,1846-03-02,1846-06-29,0,0,0
9950,2454,32,1841-02-06,1845-02-01,0,0,0
9951,2884,32,1845-02-01,1846-02-14,0,0,0
9952,3104,157,1841-09-09,1845-02-12,0,0,0
9953,1703,157,1845-02-12,1846-06-29,0,0,0
9954,6550,141,1841-09-09,1846-06-29,0,0,0
9955,2471,42,1841-09-09,1844-06-29,0,0,0
9956,3307,27,1841-09-09,1845-08-07,0,0,0
9957,3342,143,1841-09-09,1846-06-29,0,0,0
9958,1652,64,1841-09-09,1846-06-29,0,0,0
9959,2777,12,1841-09-06,1844-04-15,0,0,0
9960,2898,24,1841-09-08,1846-01-24,0,0,0
9961,2169,28,1841-09-04,1842-10-26,0,0,0
9962,2303,61,1842-11-10,1846-06-29,0,0,0
9963,3285,60,1841-11-10,1842-09-21,0,0,0
9964,2303,60,1842-09-21,1846-06-29,0,0,0
9965,2680,147,1841-09-04,1846-06-29,0,0,0
9966,3381,29,1841-09-09,1846-06-29,0,0,0
9967,3225,148,1841-09-08,1846-06-29,0,0,0
9968,629,149,1842-01-15,1846-06-29,0,0,0
9969,3797,151,1841-09-10,1846-06-29,0,0,0
9970,1125,70,1841-09-10,1846-06-27,0,0,0
9971,2818,70,1841-09-10,1846-01-31,0,0,0
9972,6550,70,1846-01-31,1846-06-27,0,0,0
9973,3523,84,1852-02-27,1852-12-17,1,0,0
9974,3537,131,1852-03-02,1852-12-17,0,0,0
9975,3323,66,1852-03-02,1852-12-17,0,0,0
9976,3857,82,1852-02-28,1852-12-17,0,0,0
9977,3820,82,1852-02-28,1852-12-17,0,0,0
9978,3855,132,1852-02-27,1852-12-17,1,0,0
9979,3763,21,1852-02-27,1852-12-17,1,0,0
9980,4079,134,1852-05-18,1852-12-17,0,0,0
9981,3481,135,1852-02-17,1852-12-17,1,0,0
9982,3773,34,1852-03-03,1852-12-17,0,0,0
9983,2651,81,1852-02-28,1852-12-17,0,0,0
9984,3610,161,1852-03-01,1852-03-01,0,0,0
9985,3091,161,1852-03-01,1852-12-17,0,0,0
9986,2818,64,1852-03-01,1852-12-17,1,0,0
9987,3716,6,1852-02-17,1852-12-17,1,0,0
9988,6452,9,1852-02-27,1852-12-17,0,0,0
9989,3706,48,1852-03-04,1852-12-17,1,0,0
9990,6546,140,1852-03-01,1852-12-17,0,0,0
9991,4186,46,1852-06-18,1852-12-17,0,0,0
9992,4006,27,1852-03-05,1852-12-17,0,0,0
9993,6452,55,1852-02-28,1852-12-17,0,0,0
9994,3767,144,1852-03-03,1852-12-17,0,0,0
9995,4063,61,1852-02-01,1852-12-17,0,0,0
9996,2680,147,1852-03-01,1852-12-17,0,0,0
9997,2692,70,1852-03-02,1852-12-17,0,0,0
9998,3931,70,1852-03-02,1852-12-17,0,0,0
9999,3523,84,1858-02-26,1859-06-11,1,0,0
10000,2676,131,1858-03-02,1859-06-11,0,0,0
10001,3323,66,1858-03-02,1859-01-21,0,0,0
10002,4380,66,1859-01-21,1859-06-11,0,0,0
10003,3859,82,1858-03-01,1859-03-14,0,0,0
10004,3665,82,1858-03-01,1859-06-11,0,0,0
10005,4163,82,1858-03-01,1859-06-11,0,0,0
10006,4383,82,1859-03-15,1859-06-11,0,0,0
10007,3611,44,1858-02-26,1859-06-11,1,0,0
10008,4443,23,1858-02-26,1859-06-11,1,0,0
10009,2818,37,1858-02-26,1859-06-11,1,0,0
10010,3855,132,1858-02-26,1859-03-03,1,0,0
10011,4396,133,1858-02-26,1859-06-11,0,0,0
10012,3763,21,1858-02-26,1859-06-11,1,0,0
10013,4071,134,1858-02-26,1859-06-11,0,0,0
10014,2471,53,1858-02-26,1859-06-11,1,0,0
10015,4130,137,1859-03-08,1859-06-11,0,0,0
10016,3067,20,1858-06-05,1859-06-11,1,0,0
10017,6605,138,1858-02-26,1859-06-11,0,0,0
10018,3610,92,1858-09-30,1859-06-11,0,0,0
10019,2754,81,1858-03-08,1859-03-09,0,0,0
10020,4550,81,1859-03-09,1859-06-11,0,0,0
10021,1875,35,1858-03-06,1858-06-05,1,0,0
10022,4079,35,1858-06-05,1859-06-11,1,0,0
10023,3610,161,1858-03-06,1859-06-11,0,0,0
10024,6607,6,1859-03-03,1859-06-11,1,0,0
10025,6607,9,1858-04-06,1859-03-03,0,0,0
10026,3706,48,1858-02-26,1859-06-11,1,0,0
10027,3737,162,1858-03-12,1859-06-11,0,0,0
10028,3737,47,1858-03-08,1859-06-11,0,0,0
10029,6546,140,1858-03-08,1859-06-11,0,0,0
10030,6607,55,1858-04-06,1859-03-03,0,0,0
10031,2754,55,1859-03-03,1859-06-11,0,0,0
10032,3767,144,1858-03-12,1859-06-11,0,0,0
10033,6452,64,1858-03-13,1859-06-11,0,0,0
10034,4149,42,1858-02-26,1859-06-11,0,0,0
10035,4585,28,1858-03-01,1859-04-15,0,0,0
10036,4611,68,1858-07-12,1859-06-11,0,0,0
10037,2945,60,1859-01-01,1859-06-11,0,0,0
10038,6840,147,1858-02-26,1859-06-11,0,0,0
10039,4895,31,1858-02-26,1859-06-11,0,0,0
10040,2692,70,1858-02-26,1859-06-11,0,0,0
10041,6589,70,1858-02-26,1859-06-11,0,0,0
10042,3523,59,1868-02-27,1868-12-01,1,0,0
10043,3523,84,1868-02-27,1868-12-01,1,0,0
10044,3665,131,1868-07-14,1868-11-11,0,0,0
10045,4012,131,1868-11-11,1868-12-01,0,0,0
10046,4580,66,1868-07-14,1868-12-01,0,0,0
10047,4012,82,1866-07-12,1868-11-02,0,0,0
10048,4271,82,1866-07-12,1868-12-01,0,0,0
10049,4163,82,1866-07-12,1868-12-01,0,0,0
10050,4895,82,1868-11-02,1868-12-01,0,0,0
10051,3611,44,1866-07-06,1868-02-29,1,0,0
10052,3821,23,1867-03-08,1868-12-01,1,0,0
10053,3763,37,1866-07-06,1868-12-01,1,0,0
10054,3763,130,1868-02-27,1868-12-01,1,0,0
10055,3855,132,1866-07-06,1867-05-17,1,0,0
10056,4396,132,1867-05-17,1868-12-01,1,0,0
10057,4369,133,1867-08-01,1868-08-10,0,0,0
10058,4796,133,1868-08-10,1868-12-01,0,0,0
10059,4244,134,1866-07-06,1868-12-01,0,0,0
10060,2471,53,1866-07-06,1867-03-08,1,0,0
10061,6605,20,1866-07-06,1867-03-08,1,0,0
10062,3737,138,1866-07-06,1868-12-01,0,0,0
10063,4369,92,1866-07-06,1868-12-01,0,0,0
10064,4246,81,1866-07-12,1868-08-29,0,0,0
10065,4918,81,1868-08-29,1868-12-01,0,0,0
10066,3961,32,1866-07-10,1868-09-29,1,0,0
10067,4691,144,1866-07-12,1867-03-01,0,0,0
10068,4480,144,1867-03-01,1868-02-28,0,0,0
10069,4796,144,1868-02-28,1868-12-01,0,0,0
10070,3855,22,1867-05-17,1868-12-01,1,0,0
10071,3706,48,1866-07-06,1868-12-01,1,0,0
10072,3211,162,1866-07-12,1867-03-19,0,0,0
10073,4643,162,1867-03-19,1868-12-01,0,0,0
10074,4613,42,1867-07-18,1868-02-10,0,0,0
10075,4981,42,1868-02-10,1868-09-16,0,0,0
10076,4869,42,1868-09-16,1868-12-01,0,0,0
10077,4861,61,1866-11-01,1867-01-01,0,0,0
10078,5020,61,1867-06-01,1868-05-31,0,1,1
10079,5095,61,1868-06-01,1868-12-01,0,0,1
10080,5009,60,1866-11-08,1867-02-28,0,0,0
10081,3821,145,1866-07-10,1867-03-19,0,0,0
10082,3115,145,1867-03-19,1868-12-01,0,0,0
10083,6889,146,1866-07-10,1868-12-01,0,0,0
10084,4895,51,1866-07-10,1868-12-01,0,0,0
10085,3979,31,1866-07-10,1867-02-27,0,0,0
10086,3115,148,1866-07-10,1867-03-20,0,0,0
10087,3979,148,1867-03-20,1868-12-01,0,0,0
10088,3721,149,1866-07-10,1868-12-01,0,0,0
10089,3518,151,1859-07-01,1866-06-26,0,0,0
10090,3316,70,1866-07-13,1868-12-01,0,0,0
10091,6841,70,1866-07-13,1868-12-01,0,0,0
10092,3523,59,1874-02-20,1880-04-21,1,0,0
10093,3523,84,1874-02-20,1876-08-21,1,0,0
10094,3523,130,1876-08-21,1880-04-21,1,0,0
10095,4380,84,1876-08-21,1880-04-21,1,0,0
10096,4876,131,1874-02-21,1880-04-21,0,0,0
10097,2628,82,1874-03-04,1876-02-16,0,0,0
10098,5149,82,1874-03-04,1880-04-21,0,0,0
10099,4533,82,1874-03-04,1880-04-21,0,0,0
10100,5107,82,1876-02-16,1880-04-21,0,0,0
10101,3763,37,1874-02-21,1876-08-12,1,0,0
10102,3523,37,1876-08-12,1878-02-04,1,0,0
10103,4534,132,1874-02-21,1880-04-21,1,0,0
10104,4856,133,1874-02-25,1878-04-06,0,0,0
10105,5168,133,1878-04-06,1880-04-21,0,0,0
10106,4079,21,1874-02-21,1878-04-02,1,0,0
10107,5135,134,1874-02-23,1880-04-21,0,0,0
10108,5324,137,1875-05-24,1880-04-21,0,0,0
10109,4918,85,1874-02-26,1877-08-13,0,0,0
10110,4855,42,1874-02-26,1874-02-27,0,0,0
10111,6605,20,1874-02-21,1878-02-04,1,0,0
10112,4967,138,1874-02-25,1878-03-02,0,0,0
10113,5324,138,1878-03-02,1880-04-21,0,0,0
10114,5181,36,1878-04-02,1880-04-21,1,0,0
10115,5162,92,1874-02-22,1878-04-06,0,0,0
10116,4580,33,1874-02-21,1877-08-14,1,0,0
10117,4650,164,1874-02-21,1880-04-21,0,0,0
10118,3821,140,1876-12-11,1880-04-21,0,0,0
10119,3706,64,1874-02-21,1880-04-21,1,0,0
10120,4700,165,1874-03-02,1875-11-18,0,0,0
10121,5433,165,1875-11-18,1878-04-04,0,0,0
10122,5132,165,1878-04-04,1880-04-21,0,0,0
10123,4406,162,1874-03-02,1878-04-04,0,0,0
10124,5162,162,1878-04-04,1880-04-21,0,0,0
10125,4480,166,1874-02-21,1880-04-21,0,0,0
10126,4908,167,1874-02-21,1876-01-01,0,0,0
10127,4681,167,1876-01-01,1880-04-21,0,0,0
10128,5262,55,1880-03-24,1880-04-21,0,0,0
10129,3859,48,1874-03-21,1876-08-14,0,0,0
10130,4012,48,1876-08-14,1880-04-21,0,0,0
10131,4869,42,1874-02-27,1874-04-20,0,0,0
10132,5312,42,1874-04-20,1875-11-25,0,0,0
10133,5579,42,1875-11-25,1880-04-21,0,0,0
10134,5917,60,1877-03-03,1880-04-21,0,0,0
10135,4994,51,1874-03-02,1880-04-21,0,0,0
10136,6889,147,1874-03-07,1880-04-21,0,0,0
10137,4545,148,1875-02-04,1877-05-28,0,0,0
10138,6595,148,1877-05-28,1880-04-21,0,0,0
10139,6841,149,1874-03-02,1880-04-21,0,0,0
10140,4826,150,1874-03-02,1880-04-21,0,0,0
10141,6612,70,1874-03-02,1880-04-21,0,0,0
10142,3316,70,1874-03-02,1880-04-21,0,0,0
10143,4533,70,1874-03-02,1880-04-21,0,0,0
10144,4909,70,1874-03-02,1875-05-29,0,0,0
10145,5406,70,1880-02-17,1880-04-21,0,0,0
10146,1584,2,1859-06-12,1865-10-18,1,0,0
10147,1584,59,1859-06-12,1865-10-18,1,0,0
10148,1584,84,1859-06-12,1865-10-18,1,0,0
10149,4235,131,1859-06-24,1866-06-26,0,0,0
10150,4315,66,1859-06-24,1860-11-02,0,0,0
10151,4084,66,1860-11-02,1865-08-19,0,0,0
10152,4540,82,1859-06-24,1865-04-21,0,0,0
10153,4569,82,1859-06-24,1865-04-21,0,0,0
10154,4448,82,1859-06-24,1862-03-25,0,0,0
10155,4623,82,1862-03-25,1866-06-02,0,0,0
10156,4051,82,1866-06-02,1866-06-26,0,0,0
10157,4309,82,1866-06-02,1866-06-26,0,0,0
10158,4117,44,1861-06-26,1865-07-07,1,0,0
10159,3126,44,1865-07-07,1866-06-26,1,0,0
10160,3445,130,1859-06-18,1865-10-01,1,0,0
10161,6592,37,1859-06-18,1866-06-26,1,0,0
10162,3948,132,1859-06-18,1861-07-25,1,0,0
10163,2943,132,1861-07-25,1866-06-26,1,0,0
10164,4486,133,1859-06-18,1862-11-14,0,0,0
10165,4253,133,1862-11-14,1864-04-25,0,0,0
10166,3337,133,1864-04-25,1866-05-25,0,0,0
10167,4540,133,1866-05-25,1866-06-26,0,0,0
10168,6580,21,1865-11-03,1866-06-26,1,0,0
10169,4143,134,1861-08-15,1866-06-26,0,0,0
10170,3948,53,1861-07-22,1863-04-28,1,0,0
10171,4497,53,1866-02-16,1866-06-26,1,0,0
10172,3337,137,1861-01-21,1861-07-31,0,0,0
10173,4497,137,1863-04-28,1866-06-26,0,0,0
10174,3116,20,1859-06-18,1864-04-07,1,0,0
10175,3984,138,1859-06-18,1865-11-25,0,0,0
10176,4728,138,1865-11-25,1866-06-26,0,0,0
10177,3337,92,1859-06-25,1861-01-21,0,0,0
10178,4638,92,1866-02-17,1866-06-26,0,0,0
10179,4016,34,1859-06-30,1866-04-30,0,0,0
10180,3337,34,1866-04-30,1866-06-26,0,0,0
10181,4148,81,1859-06-27,1863-03-23,0,0,0
10182,4497,81,1863-03-23,1863-05-02,0,0,0
10183,4638,81,1863-05-02,1864-04-21,0,0,0
10184,4705,81,1864-04-21,1866-01-22,0,0,0
10185,4375,81,1866-01-22,1866-04-07,0,0,0
10186,4566,81,1866-04-07,1866-05-08,0,0,0
10187,4783,81,1866-05-08,1866-06-26,0,0,0
10188,3781,32,1859-06-24,1861-07-29,1,0,0
10189,4101,32,1861-07-29,1865-12-07,0,0,0
10190,3984,32,1865-12-07,1866-06-26,0,0,0
10191,2466,140,1859-06-24,1864-12-31,0,1,0
10192,6580,39,1864-04-07,1866-01-26,1,0,0
10193,3502,40,1859-06-24,1859-07-09,1,0,0
10194,3415,40,1859-07-09,1866-06-26,1,0,0
10195,4522,144,1859-06-28,1865-02-22,0,0,0
10196,4300,144,1865-02-22,1866-06-26,0,0,0
10197,6591,64,1859-06-24,1860-05-11,1,0,0
10198,6592,64,1860-05-11,1860-08-17,1,0,0
10199,3346,9,1859-08-12,1860-02-22,0,0,0
10200,4218,162,1859-06-24,1864-04-26,0,0,0
10201,4253,162,1864-04-26,1866-06-26,0,0,0
10202,3346,55,1859-08-12,1860-02-22,0,0,0
10203,4774,55,1865-11-29,1866-03-12,0,0,0
10204,3977,55,1866-03-12,1866-06-26,0,0,0
10205,3346,48,1860-02-09,1866-06-26,0,0,0
10206,4279,42,1859-06-18,1859-12-16,0,0,0
10207,4192,42,1859-12-16,1861-07-08,0,0,0
10208,3990,24,1859-06-24,1866-06-26,0,0,0
10209,4120,28,1859-06-24,1866-06-26,0,0,0
10210,9999,68,1859-06-27,1862-11-11,0,0,0
10211,4194,61,1859-06-24,1860-02-01,0,0,0
10212,4385,61,1860-02-01,1861-01-01,0,0,0
10213,4915,61,1865-01-01,1866-06-26,0,0,0
10214,4313,60,1859-06-12,1858-10-31,0,1,0
10215,4385,60,1859-11-01,1860-01-31,0,1,1
10216,4915,60,1861-01-01,1864-12-31,0,0,0
10217,4898,60,1865-01-01,1866-06-26,0,0,0
10218,2731,145,1866-01-20,1866-06-26,0,0,0
10219,4584,29,1859-06-23,1866-06-26,0,0,0
10220,4296,149,1859-06-28,1866-06-26,0,0,0
10221,2731,150,1859-06-18,1866-01-23,0,0,0
10222,4364,150,1866-01-23,1866-06-26,0,0,0
10223,3121,70,1859-06-23,1866-06-26,0,0,0
10224,6597,70,1859-06-23,1866-06-26,0,0,0
10225,6474,70,1837-07-17,1860-03-31,0,0,0
10226,4017,70,1866-05-08,1866-06-26,0,0,0
10227,6474,169,1860-03-31,1868-03-03,0,0,0
10228,3104,59,1868-12-03,1874-02-17,1,0,0
10229,3104,84,1868-12-03,1874-02-17,1,0,0
10230,4541,131,1868-12-09,1873-08-01,0,0,0
10231,4946,131,1873-08-01,1874-02-17,0,0,0
10232,4554,66,1868-12-09,1869-11-02,0,0,0
10233,4638,66,1869-11-02,1871-03-17,0,0,0
10234,4382,66,1871-03-17,1873-08-11,0,0,0
10235,4548,66,1873-08-11,1874-02-17,0,0,0
10236,4638,82,1868-12-16,1869-11-02,0,0,0
10237,6899,82,1868-12-16,1872-04-25,0,0,0
10238,4622,82,1868-12-16,1873-08-08,0,0,0
10239,3718,82,1868-12-16,1873-08-08,0,0,0
10240,4834,82,1869-11-02,1874-02-17,0,0,0
10241,4969,82,1873-08-03,1874-02-17,0,0,0
10242,4950,82,1873-08-03,1874-02-17,0,0,0
10243,4000,44,1868-12-09,1872-10-15,1,0,0
10244,4004,44,1872-10-15,1874-02-17,1,0,0
10245,6903,37,1868-12-09,1870-07-06,1,0,0
10246,4253,132,1868-12-09,1873-08-09,1,0,0
10247,4218,132,1873-08-09,1874-02-17,1,0,0
10248,4540,133,1868-12-10,1871-01-11,0,0,0
10249,4783,133,1871-01-11,1871-03-17,0,0,0
10250,5021,133,1871-03-17,1874-02-17,0,0,0
10251,5247,21,1868-12-09,1870-07-06,1,0,0
10252,3445,130,1868-12-09,1874-02-17,1,0,0
10253,4294,134,1868-12-12,1874-02-17,0,0,0
10254,6899,137,1872-04-26,1874-02-17,0,0,0
10255,3718,85,1870-08-05,1871-11-15,0,0,0
10256,5287,42,1870-08-05,1871-11-10,0,0,0
10257,6903,20,1870-07-06,1874-02-17,1,0,0
10258,3977,138,1868-12-10,1871-01-14,0,0,0
10259,4540,138,1871-01-14,1874-02-17,0,0,0
10260,4579,92,1868-12-10,1874-02-17,0,0,0
10261,4382,171,1868-12-18,1871-03-17,0,0,0
10262,4783,171,1871-03-17,1874-02-17,0,0,0
10263,4943,81,1868-12-21,1870-07-11,0,0,0
10264,6905,81,1870-07-11,1874-02-17,0,0,0
10265,4728,162,1868-12-09,1874-02-17,1,0,0
10266,3984,32,1868-12-16,1871-01-12,1,0,0
10267,4497,32,1871-01-12,1874-02-17,1,0,0
10268,4774,40,1868-12-09,1871-03-24,1,0,0
10269,4946,144,1868-12-10,1874-02-17,0,0,0
10270,4638,166,1871-08-19,1874-02-17,1,0,0
10271,4755,167,1871-08-19,1874-02-17,0,0,0
10272,4497,64,1868-12-09,1871-01-14,1,0,0
10273,5236,64,1873-11-18,1874-02-17,0,0,0
10274,4783,165,1868-12-09,1871-01-14,0,0,0
10275,4946,165,1871-01-14,1874-02-17,0,0,0
10276,4705,55,1872-08-09,1873-09-30,0,0,0
10277,4622,55,1873-09-30,1874-02-17,0,0,0
10278,4554,48,1869-10-26,1873-08-11,0,0,0
10279,4622,48,1873-08-11,1874-02-17,0,0,0
10280,4858,42,1868-12-12,1871-11-10,0,0,0
10281,5172,42,1873-11-20,1874-02-17,0,0,0
10282,4325,24,1871-05-17,1873-08-21,0,0,0
10283,4554,24,1873-08-21,1874-02-17,0,0,0
10284,5151,60,1870-02-14,1872-11-18,0,0,0
10285,2731,145,1868-12-12,1874-02-17,0,0,0
10286,4591,31,1874-01-01,1874-02-17,0,0,0
10287,2708,148,1868-12-12,1869-12-27,0,0,0
10288,4017,148,1869-12-27,1874-02-17,0,0,0
10289,4364,150,1868-12-12,1874-02-17,0,0,0
10290,4017,70,1868-12-17,1869-12-27,0,0,0
10291,6905,70,1868-12-17,1870-07-11,0,0,0
10292,3121,70,1868-12-17,1874-02-17,0,0,0
10293,4911,70,1868-12-22,1874-02-17,0,0,0
10294,4217,70,1872-02-25,1874-02-17,0,0,0
10295,6952,70,1873-03-01,1874-02-17,0,0,0
10296,1584,2,1855-02-06,1858-02-19,1,0,0
10297,1584,59,1855-02-06,1858-02-21,1,0,0
10298,1584,84,1855-02-06,1858-02-21,1,0,0
10299,4277,82,1855-03-07,1858-02-21,0,0,0
10300,3551,82,1855-03-07,1858-02-21,0,0,0
10301,4235,82,1855-04-16,1858-02-21,0,0,0
10302,3445,23,1855-02-08,1858-02-21,1,0,0
10303,3445,130,1855-02-08,1858-02-21,1,0,0
10304,6473,37,1858-02-03,1858-02-21,1,0,0
10305,2943,132,1855-02-08,1858-02-21,1,0,0
10306,3346,133,1855-02-16,1855-08-13,0,0,0
10307,4259,133,1855-08-13,1858-02-21,0,0,0
10308,3378,53,1855-02-08,1858-02-21,1,0,0
10309,4084,137,1855-02-01,1857-05-01,0,0,0
10310,4334,137,1857-05-01,1858-02-21,0,0,0
10311,3241,20,1855-02-08,1855-02-23,1,0,0
10312,1885,20,1855-02-23,1855-07-21,1,0,0
10313,2381,20,1855-11-21,1858-02-21,1,0,0
10314,4174,138,1855-02-08,1857-06-01,0,0,0
10315,3984,138,1857-06-01,1858-02-21,0,0,0
10316,4101,81,1855-03-13,1857-05-27,0,0,0
10317,4528,81,1857-05-27,1858-02-21,0,0,0
10318,2569,35,1855-03-03,1858-02-21,1,0,0
10319,4102,161,1855-03-03,1858-02-21,0,0,0
10320,6592,64,1855-11-30,1858-02-21,1,0,0
10321,4218,9,1855-08-13,1858-02-21,0,0,0
10322,3346,162,1857-02-05,1858-02-21,0,0,0
10323,3430,32,1855-03-01,1857-05-27,0,0,0
10324,3959,32,1857-05-27,1858-02-21,0,0,0
10325,2466,140,1855-03-07,1858-02-21,0,0,0
10326,3822,55,1855-03-31,1855-08-13,0,0,0
10327,4218,55,1855-08-13,1858-02-21,0,0,0
10328,3963,40,1855-12-30,1858-02-21,0,0,0
10329,4035,144,1856-05-09,1858-02-21,0,0,0
10330,9999,68,1855-02-14,1858-02-21,0,0,0
10331,4194,61,1856-03-01,1858-02-21,0,0,0
10332,4194,60,1855-03-01,1858-02-21,0,0,0
10333,6597,70,1857-02-22,1858-02-21,0,0,0
10334,1285,2,1834-07-16,1834-11-14,1,0,0
10335,3250,59,1830-11-22,1834-07-09,1,0,0
10336,1285,59,1834-07-16,1834-11-14,1,0,0
10337,1285,130,1834-07-16,1834-11-14,1,0,0
10338,1234,1,1830-11-22,1834-11-14,1,0,0
10339,1234,84,1830-11-22,1834-11-14,1,0,0
10340,2286,66,1830-11-26,1834-06-06,0,0,0
10341,3134,66,1834-06-06,1834-11-14,0,0,0
10342,2028,131,1830-11-26,1832-08-10,0,0,0
10343,2432,131,1832-08-10,1834-11-14,0,0,0
10344,1379,82,1830-11-22,1832-11-22,0,0,0
10345,2569,82,1830-11-22,1834-11-14,0,0,0
10346,3134,82,1830-11-22,1834-06-06,0,0,0
10347,2843,82,1832-11-22,1834-04-09,0,0,0
10348,2726,82,1834-06-20,1834-11-14,0,0,0
10349,676,23,1830-11-22,1834-11-14,1,0,0
10350,1893,37,1830-11-22,1833-04-03,1,0,0
10351,1388,37,1833-04-03,1834-06-05,1,0,0
10352,1285,132,1830-11-22,1834-07-19,1,0,0
10353,2156,133,1830-11-22,1834-01-13,0,0,0
10354,2516,133,1834-01-13,1834-07-23,0,0,0
10355,2738,133,1834-07-23,1834-11-14,0,0,0
10356,1584,21,1830-11-22,1834-11-14,1,0,0
10357,2896,134,1834-11-13,1834-11-14,0,0,0
10358,1388,135,1830-11-22,1833-04-03,1,0,0
10359,2326,135,1833-04-03,1834-06-05,1,0,0
10360,2286,135,1834-06-05,1834-11-14,1,0,0
10361,2516,136,1830-11-23,1834-07-16,0,0,0
10362,2943,136,1834-07-16,1834-11-14,0,0,0
10363,1686,33,1834-06-07,1834-11-14,1,0,0
10364,3149,172,1830-11-29,1834-11-14,0,0,0
10365,2381,81,1832-06-08,1834-11-14,0,0,0
10366,2172,17,1830-12-18,1832-12-12,0,0,0
10367,1843,17,1833-12-26,1834-04-22,0,0,0
10368,2796,17,1834-04-22,1834-11-14,0,0,0
10369,2326,32,1830-11-29,1833-03-29,1,0,0
10370,3229,32,1833-03-29,1833-05-01,0,0,0
10371,1727,32,1833-05-01,1834-11-14,0,0,0
10372,939,140,1830-12-04,1834-11-14,0,0,0
10373,1686,157,1830-12-14,1834-06-13,0,0,0
10374,1741,157,1834-06-13,1834-11-14,1,0,0
10375,1885,156,1830-12-16,1834-11-14,1,0,0
10376,1885,84,1835-04-18,1841-08-30,0,0,0
10377,6505,64,1830-12-11,1834-11-14,1,0,0
10378,1686,6,1830-11-22,1834-06-05,0,0,0
10379,2381,9,1834-06-05,1834-11-14,0,0,0
10380,3101,25,1830-11-30,1831-04-04,0,0,0
10381,1291,25,1831-04-04,1832-02-01,0,0,0
10382,2054,38,1830-12-02,1834-07-22,0,0,0
10383,2161,42,1831-01-12,1832-11-26,0,0,0
10384,2759,42,1832-11-30,1834-02-25,0,0,0
10385,3047,27,1830-12-30,1832-02-08,0,0,0
10386,2161,27,1832-11-30,1834-06-19,0,0,0
10387,1774,42,1830-11-24,1832-11-26,0,0,0
10388,3126,42,1834-11-06,1834-11-14,0,0,0
10389,2132,24,1830-11-24,1834-06-19,0,0,0
10390,2718,28,1830-12-03,1834-05-17,0,0,0
10391,6647,145,1833-09-11,1834-11-14,0,0,0
10392,2018,51,1830-07-24,1834-11-14,0,0,0
10393,6473,149,1830-12-01,1834-07-16,0,0,0
10394,2838,149,1834-07-16,1834-11-14,0,0,0
10395,1285,59,1835-04-18,1841-08-30,1,0,0
10396,1285,130,1835-04-18,1841-08-30,1,0,0
10397,2738,131,1835-04-21,1841-08-30,0,0,0
10398,3134,66,1835-04-21,1839-11-06,0,0,0
10399,1843,66,1839-11-06,1841-06-09,0,0,0
10400,3030,66,1841-06-09,1841-08-30,0,0,0
10401,2616,82,1835-04-18,1839-11-02,0,0,0
10402,3107,82,1835-04-18,1837-07-18,0,0,0
10403,2775,82,1835-04-18,1840-05-26,0,0,0
10404,3030,82,1835-05-16,1839-08-28,0,0,0
10405,3162,82,1837-07-18,1841-06-23,0,0,0
10406,2703,82,1839-08-28,1841-08-30,0,0,0
10407,3503,82,1839-11-02,1841-08-30,0,0,0
10408,3430,82,1840-05-26,1841-08-30,0,0,0
10409,3346,82,1841-07-23,1841-08-30,0,0,0
10410,6580,37,1840-01-15,1841-08-30,1,0,0
10411,1885,132,1835-04-18,1839-08-30,1,0,0
10412,2102,132,1839-08-30,1841-08-30,1,0,0
10413,3378,133,1835-04-18,1841-06-15,0,0,0
10414,2616,133,1841-06-15,1841-08-30,0,0,0
10415,1584,21,1835-04-18,1841-08-30,1,0,0
10416,3445,134,1840-03-07,1841-08-30,0,0,0
10417,3023,135,1835-04-18,1839-02-20,1,0,0
10418,2102,135,1839-02-20,1839-08-30,1,0,0
10419,1885,135,1839-08-30,1841-08-30,1,0,0
10420,2943,136,1835-04-18,1839-02-28,0,0,0
10421,2381,136,1839-02-28,1839-08-31,0,0,0
10422,2569,136,1839-08-31,1841-08-30,0,0,0
10423,1686,33,1835-04-22,1835-11-15,1,0,0
10424,3501,33,1835-11-15,1841-08-30,1,0,0
10425,3162,34,1841-06-09,1841-08-30,0,0,0
10426,3180,81,1835-04-23,1841-08-30,0,0,0
10427,1843,161,1835-04-21,1835-04-21,0,0,0
10428,2569,161,1835-04-21,1839-09-30,0,0,0
10429,2616,161,1839-09-30,1839-09-30,0,0,0
10430,3207,161,1839-09-30,1841-06-21,0,0,0
10431,2577,161,1841-06-21,1841-08-30,0,0,0
10432,1222,140,1839-03-13,1841-08-30,0,0,0
10433,6580,39,1840-10-31,1841-06-23,1,0,0
10434,2725,9,1839-08-29,1841-06-28,0,0,0
10435,2381,157,1835-04-25,1841-08-30,0,0,0
10436,1291,8,1835-04-20,1841-08-30,0,0,0
10437,2255,141,1835-05-04,1841-08-30,0,0,0
10438,1291,155,1835-05-09,1841-08-30,0,0,0
10439,2857,42,1835-04-20,1835-05-04,0,0,0
10440,2759,42,1841-05-05,1841-08-30,0,0,0
10441,3003,27,1838-03-21,1841-06-23,0,0,0
10442,2999,27,1841-06-23,1841-08-30,0,0,0
10443,2999,143,1835-04-25,1841-06-23,0,0,0
10444,6448,143,1841-06-23,1841-08-30,0,0,0
10445,1291,156,1835-04-28,1841-08-30,0,0,0
10446,1291,55,1835-04-27,1841-06-19,0,0,0
10447,2738,55,1841-06-19,1841-08-30,0,0,0
10448,3300,64,1835-04-30,1835-05-22,0,0,0
10449,2047,64,1835-05-22,1841-08-30,0,0,0
10450,3126,42,1835-05-04,1839-12-02,0,0,0
10451,3597,28,1835-04-20,1841-08-30,0,0,0
10452,3597,68,1837-02-09,1840-05-09,0,0,0
10453,2765,61,1835-04-29,1835-08-31,0,0,0
10454,3326,61,1835-08-31,1836-11-10,0,0,0
10455,3046,61,1836-11-10,1837-02-03,0,0,0
10456,3594,61,1840-08-11,1841-08-30,0,0,0
10457,3046,60,1835-09-21,1836-11-10,0,0,0
10458,3594,60,1839-02-11,1841-08-30,0,0,0
10459,6647,145,1835-04-23,1839-11-21,0,0,0
10460,6517,145,1839-11-21,1841-08-30,0,0,0
10461,3300,146,1835-05-22,1841-08-30,0,0,0
10462,2114,51,1835-06-29,1838-04-27,0,0,0
10463,2018,51,1838-04-27,1841-08-30,0,0,0
10464,6528,147,1835-04-25,1841-08-30,0,0,0
10465,3096,29,1835-05-06,1841-06-23,0,0,0
10466,3108,29,1841-06-23,1841-08-30,0,0,0
10467,6517,150,1835-04-30,1839-12-21,0,0,0
10468,6530,150,1839-12-21,1841-08-30,0,0,0
10469,1797,70,1837-07-17,1841-08-30,0,0,0
10470,6479,70,1837-07-17,1840-02-04,0,0,0
10471,2464,70,1837-07-17,1837-11-26,0,0,0
10472,6504,70,1840-07-01,1841-08-30,0,0,0
10473,1885,59,1846-06-30,1852-02-21,1,0,0
10474,1885,84,1846-06-30,1852-02-21,1,0,0
10475,3503,131,1846-07-07,1850-07-01,0,0,0
10476,3567,131,1850-07-01,1852-02-21,0,0,0
10477,3162,66,1846-07-07,1849-05-22,0,0,0
10478,3948,66,1850-07-09,1852-02-21,0,0,0
10479,3719,82,1846-07-06,1847-12-22,0,0,0
10480,3485,82,1846-07-06,1852-02-21,0,0,0
10481,3512,82,1846-07-06,1852-02-21,0,0,0
10482,3078,82,1847-08-02,1852-02-21,0,0,0
10483,3469,82,1847-12-22,1848-08-01,0,0,0
10484,2817,44,1846-07-06,1850-07-15,1,0,0
10485,3501,37,1846-07-06,1852-02-21,1,0,0
10486,2943,132,1846-07-06,1852-02-21,1,0,0
10487,3575,133,1846-07-05,1848-05-15,0,0,0
10488,3948,133,1848-05-15,1850-07-09,0,0,0
10489,3822,133,1850-07-09,1852-02-21,0,0,0
10490,1584,21,1846-07-06,1851-12-26,1,0,0
10491,3445,21,1851-12-26,1852-02-21,1,0,0
10492,2738,134,1846-07-06,1852-02-12,0,0,0
10493,4143,134,1852-02-12,1852-02-21,0,0,0
10494,2516,135,1846-07-06,1852-02-21,1,0,0
10495,3048,136,1846-07-06,1851-11-01,0,0,0
10496,4084,136,1851-11-01,1852-02-21,0,0,0
10497,3378,35,1852-02-05,1852-02-21,1,0,0
10498,2726,161,1846-07-06,1846-07-06,0,0,0
10499,2703,161,1846-07-06,1847-11-30,0,0,0
10500,3948,161,1847-11-30,1848-05-16,0,0,0
10501,4041,161,1848-05-16,1849-01-26,0,0,0
10502,3546,161,1849-01-26,1852-02-21,0,0,0
10503,6598,33,1846-07-07,1849-01-15,1,0,0
10504,3162,34,1849-05-21,1852-02-21,0,0,0
10505,3346,81,1846-07-07,1852-02-21,0,0,0
10506,2381,32,1846-07-06,1847-07-22,1,0,0
10507,3575,32,1847-07-22,1852-02-21,0,0,0
10508,2731,140,1846-07-08,1847-05-22,0,0,0
10509,6580,140,1847-05-22,1852-02-21,0,0,0
10510,2572,55,1846-07-07,1848-05-08,1,0,0
10511,3445,55,1848-05-08,1852-02-21,1,0,0
10512,6473,64,1846-07-07,1852-02-21,1,0,0
10513,6580,6,1846-07-06,1847-07-22,1,0,0
10514,3445,9,1848-05-08,1852-02-21,0,0,0
10515,2466,38,1846-07-07,1849-04-17,1,0,0
10516,2616,48,1851-08-01,1852-02-21,1,0,0
10517,939,141,1846-07-08,1852-02-21,0,0,0
10518,2999,27,1846-07-08,1852-02-21,0,0,0
10519,2577,40,1847-07-23,1849-01-01,0,0,0
10520,3963,40,1849-01-01,1852-02-21,0,0,0
10521,3719,144,1847-07-23,1851-01-28,0,0,0
10522,4035,144,1851-01-28,1852-02-21,0,0,0
10523,2569,25,1852-02-06,1852-02-21,0,0,0
10524,3368,12,1846-07-07,1846-07-17,0,0,0
10525,2911,42,1846-07-07,1846-07-18,0,0,0
10526,3613,42,1846-07-18,1848-04-04,0,0,0
10527,2577,24,1846-07-08,1847-12-22,0,0,0
10528,3613,24,1849-05-26,1852-02-21,0,0,0
10529,4120,28,1851-04-07,1852-02-21,0,0,0
10530,3881,61,1847-12-21,1850-09-23,0,0,0
10531,3881,60,1846-07-16,1847-12-24,0,0,0
10532,4097,60,1847-12-24,1852-02-21,0,0,0
10533,2813,146,1846-07-08,1848-09-05,0,0,0
10534,2283,146,1848-09-05,1852-02-21,0,0,0
10535,3091,51,1846-07-08,1852-02-21,0,0,0
10536,6479,149,1846-07-24,1848-02-11,0,0,0
10537,2018,149,1848-02-11,1852-02-21,0,0,0
10538,3445,150,1846-07-09,1848-05-16,0,0,0
10539,2731,150,1848-05-16,1852-02-21,0,0,0
10540,3518,151,1846-07-07,1852-02-21,0,0,0
10541,2711,70,1846-07-24,1852-02-21,0,0,0
10542,3121,70,1846-08-04,1852-02-21,0,0,0
10543,2326,2,1866-06-28,1868-02-25,1,0,0
10544,2326,2,1858-02-20,1859-06-11,1,0,0
10545,978,2,1830-11-22,1834-07-09,1,0,0
10546,6511,2,1852-12-19,1855-01-30,1,0,0
10547,6511,59,1852-12-19,1855-01-30,1,0,0
10548,6511,130,1852-12-19,1855-01-30,1,0,0
10549,3673,82,1853-01-01,1855-03-07,0,0,0
10550,3116,135,1852-12-28,1855-01-30,1,0,0
10551,3116,53,1854-06-12,1855-01-30,1,0,0
10552,676,22,1852-12-28,1858-02-21,1,0,0
10553,6563,33,1834-12-22,1835-04-08,1,0,0
10554,1875,35,1834-12-18,1835-04-08,1,0,0
10555,1875,5,1834-11-21,1834-07-09,1,0,0
10556,2539,5,1834-11-21,1834-07-09,1,0,0
10557,1875,35,1841-09-04,1841-10-23,1,0,0
10558,2771,35,1841-10-23,1843-05-11,1,0,0
10559,1299,22,1841-09-03,1846-06-29,1,0,0
10560,1299,130,1841-09-03,1846-06-29,1,0,0
10561,2326,59,1852-02-23,1852-12-17,1,0,0
10562,2326,130,1852-02-23,1852-12-17,1,0,0
10563,2547,44,1852-02-27,1852-02-21,1,0,0
10564,1652,23,1852-02-27,1852-02-21,1,0,0
10565,4342,37,1852-02-27,1852-02-21,1,0,0
10566,2754,33,1852-02-28,1852-02-21,1,0,0
10567,2326,59,1858-02-21,1859-06-11,1,0,0
10568,2326,130,1858-02-21,1859-06-11,1,0,0
10569,2559,132,1859-03-03,1859-06-11,1,0,0
10570,2326,130,1866-06-28,1868-02-25,1,0,0
10571,4149,44,1868-02-29,1868-12-09,1,0,0
10572,3857,23,1866-07-06,1868-02-25,1,0,0
10573,9227,133,1866-07-10,1868-02-25,0,0,0
10574,3857,20,1867-03-08,1868-02-25,1,0,0
10575,3745,6,1867-03-08,1868-02-25,1,0,0
10576,3745,23,1874-02-21,1880-04-21,1,0,0
10577,3745,130,1874-02-21,1876-08-21,1,0,0
10578,2754,37,1878-02-04,1880-04-21,1,0,0
10579,4342,21,1878-04-02,1880-04-21,1,0,0
10580,4342,36,1874-02-21,1880-04-21,1,0,0
10581,1885,84,1865-10-29,1866-06-26,1,0,0
10582,3241,53,1859-06-18,1861-07-22,1,0,0
10583,4224,53,1863-04-28,1866-06-26,1,0,0
10584,4224,137,1859-06-18,1866-06-26,0,0,0
10585,4224,36,1866-02-16,1866-06-26,1,0,0
10586,4224,92,1861-01-21,1866-06-26,0,0,0
10587,2616,33,1859-06-27,1866-06-26,1,0,0
10588,2738,64,1860-08-17,1866-06-26,1,0,0
10589,6592,36,1868-12-09,1874-02-17,1,0,0
10590,2172,37,1855-12-07,1858-02-21,1,0,0
10591,2930,20,1855-07-21,1855-10-22,1,0,0
10592,2172,39,1855-03-31,1858-02-21,1,0,0
10593,2738,6,1855-03-31,1858-02-21,1,0,0
10594,2738,9,1853-01-04,1858-02-21,0,0,0
10595,2738,55,1853-01-04,1858-02-21,0,0,0
10596,1679,44,1830-11-22,1834-07-09,1,0,0
10597,950,37,1834-06-05,1834-07-09,1,0,0
10598,2102,37,1834-07-30,1834-07-09,1,0,0
10599,1261,132,1834-07-19,1834-07-09,1,0,0
10600,9229,39,1830-11-25,1834-07-09,1,0,0
10601,950,22,1830-11-22,1834-06-05,1,0,0
10602,676,23,1835-04-23,1841-08-30,1,0,0
10603,1261,37,1835-04-23,1841-08-30,1,0,0
10604,9229,39,1835-02-20,1841-08-30,1,0,0
10605,1261,38,1835-04-28,1841-08-30,1,0,0
10607,676,23,1846-07-06,1852-02-21,1,0,0
10608,676,130,1846-07-06,1852-02-21,1,0,0
11122,4342,2,1885-06-23,1886-01-28,1,0,0
11123,4342,130,1885-06-23,1886-01-28,1,0,0
11124,5708,131,1885-06-24,1886-01-28,0,0,0
11125,5533,66,1885-06-24,1885-09-17,0,0,0
11126,5168,66,1885-09-17,1886-01-25,0,0,0
11127,5058,82,1885-06-23,1886-01-28,0,0,0
11128,5578,82,1885-06-23,1886-01-28,0,0,0
11129,5672,82,1885-06-23,1886-01-28,0,0,0
11130,5181,23,1885-06-24,1886-01-28,1,0,0
11131,4406,37,1885-06-24,1886-01-28,1,0,0
11132,4534,132,1885-06-24,1886-01-28,1,0,0
11133,5829,133,1885-06-30,1886-01-28,0,0,0
11134,4342,21,1885-06-24,1886-01-28,1,0,0
11135,5135,134,1885-06-25,1886-01-28,0,0,0
11136,3109,137,1885-06-26,1886-01-28,0,0,0
11137,5859,42,1885-06-27,1885-07-02,0,0,0
11138,4918,20,1885-06-24,1886-01-28,1,0,0
11139,6941,138,1885-06-24,1886-01-28,0,0,0
11140,3763,92,1885-06-25,1886-01-28,0,0,0
11141,5485,164,1885-07-01,1886-01-28,0,0,0
11142,5433,162,1885-06-24,1885-09-17,1,0,0
11143,5533,162,1885-09-17,1886-01-28,0,0,0
11144,6605,140,1885-06-27,1886-01-28,1,0,0
11145,5537,43,1885-06-27,1886-01-28,1,0,0
11146,3706,64,1885-06-24,1886-01-28,1,0,0
11147,5697,165,1885-06-24,1886-01-28,0,0,0
11148,5410,166,1885-06-24,1886-01-28,0,0,0
11149,4998,167,1885-06-24,1886-01-28,0,0,0
11150,4550,55,1885-06-24,1886-01-28,0,0,0
11151,5262,48,1885-06-24,1886-01-28,0,0,0
11152,4980,42,1885-07-02,1886-01-28,0,0,0
11153,5647,24,1885-07-13,1886-01-28,0,0,0
11154,5917,61,1885-07-03,1886-01-28,0,0,0
11155,6092,60,1885-11-15,1886-01-28,0,0,0
11156,6841,146,1885-06-27,1886-01-28,0,0,0
11157,6889,147,1885-07-01,1886-01-28,0,0,0
11158,6595,148,1885-07-06,1886-01-28,0,0,0
11159,4994,149,1885-06-27,1886-01-28,0,0,0
11160,4948,150,1885-06-27,1886-01-28,0,0,0
11161,6975,70,1885-07-06,1886-01-28,0,0,0
11162,3104,2,1886-02-01,1886-07-20,1,0,0
11163,3104,59,1886-02-01,1886-07-20,1,0,0
11164,3104,84,1886-02-01,1886-07-20,1,0,0
11165,5837,131,1886-02-06,1886-07-20,0,0,0
11166,5814,66,1886-02-06,1886-07-20,0,0,0
11167,5457,82,1886-02-13,1886-07-20,0,0,0
11168,5529,44,1886-02-06,1886-07-20,1,0,0
11169,3104,37,1886-02-17,1886-07-20,1,0,0
11170,4705,132,1886-02-06,1886-07-20,1,0,0
11171,5787,133,1886-02-06,1886-07-20,0,0,0
11172,5795,134,1886-02-07,1886-07-20,0,0,0
11173,5788,42,1886-02-06,1886-02-16,0,0,0
11174,3445,130,1886-02-06,1886-07-20,0,0,0
11175,5085,138,1886-02-06,1886-07-20,0,0,0
11176,6903,36,1886-02-06,1886-07-20,1,0,0
11177,5561,92,1886-04-12,1886-07-20,0,0,0
11178,4755,194,1886-02-09,1886-07-20,0,0,0
11179,5872,32,1886-02-06,1886-07-20,1,0,0
11180,6931,140,1886-02-08,1886-07-20,0,0,0
11181,5565,166,1886-02-06,1886-04-03,1,0,0
11182,4638,166,1886-04-03,1886-07-20,1,0,0
11183,5706,167,1886-02-06,1886-04-03,0,0,0
11184,5665,167,1886-04-03,1886-07-20,0,0,0
11185,5726,88,1886-04-05,1886-07-20,0,0,0
11186,5862,165,1886-02-06,1886-07-20,0,0,0
11187,5236,162,1886-02-13,1886-07-20,0,0,0
11188,4541,64,1886-02-17,1886-07-20,0,0,0
11189,5872,48,1886-02-17,1886-04-16,0,0,0
11190,6881,48,1886-04-16,1886-07-20,0,0,0
11191,5657,42,1886-02-16,1886-07-20,0,0,0
11192,5844,28,1886-02-13,1886-07-20,0,0,0
11193,5853,68,1886-02-13,1886-07-20,0,0,0
11194,2515,145,1886-02-10,1886-07-20,0,0,0
11195,4217,146,1886-02-10,1886-07-20,0,0,0
11196,4364,147,1886-02-10,1886-07-20,0,0,0
11197,6881,31,1886-02-17,1886-07-20,0,0,0
11198,4779,148,1886-02-10,1886-07-20,0,0,0
11199,4591,149,1886-02-10,1886-07-20,0,0,0
11200,7004,70,1886-02-16,1886-07-20,0,0,0
11201,7037,70,1886-02-16,1886-07-20,0,0,0
11202,5122,70,1886-03-01,1886-07-20,0,0,0
11203,7005,70,1886-03-01,1886-07-20,0,0,0
11204,6976,70,1886-03-01,1886-03-27,0,0,0
11205,4342,2,1886-07-25,1892-08-11,1,0,0
11206,4342,130,1886-07-25,1892-08-11,0,0,0
11207,4342,59,1886-08-09,1887-01-17,1,0,0
11208,5502,84,1886-08-03,1892-08-11,0,0,0
11209,5708,131,1886-08-03,1892-08-11,0,0,0
11210,5720,66,1886-08-03,1891-11-09,0,0,0
11211,5578,82,1886-08-09,1892-08-11,0,0,0
11212,5672,82,1886-08-09,1892-08-11,0,0,0
11213,5810,82,1886-08-09,1892-08-11,0,0,0
11214,5579,44,1886-08-03,1892-08-11,1,0,0
11215,5181,23,1886-08-03,1892-08-11,1,0,0
11216,5324,37,1886-08-03,1892-08-11,1,0,0
11217,5100,132,1886-08-03,1892-08-11,1,0,0
11218,5829,133,1886-08-04,1892-08-11,0,0,0
11219,4380,21,1886-08-03,1887-01-14,1,0,0
11220,4342,21,1887-01-14,1892-08-11,1,0,0
11221,4369,134,1886-08-04,1892-08-11,0,0,0
11222,5221,53,1886-08-03,1887-01-14,1,0,0
11223,3763,137,1886-08-04,1890-01-01,0,0,0
11224,4998,137,1890-01-01,1892-08-11,0,0,0
11225,5790,85,1886-08-04,1892-08-11,0,0,0
11226,5686,42,1886-08-04,1886-08-06,0,0,0
11227,5433,20,1886-08-03,1887-01-14,1,0,0
11228,6941,138,1886-08-03,1888-02-20,0,0,0
11229,5697,138,1888-02-20,1892-08-11,0,0,0
11230,4534,36,1886-08-03,1892-08-11,1,0,0
11231,4980,92,1886-08-04,1891-11-09,0,0,0
11232,6317,92,1891-11-09,1892-08-11,0,0,0
11233,5162,33,1886-08-09,1892-08-11,1,0,0
11234,6133,194,1886-08-09,1892-08-11,0,0,0
11235,5687,81,1886-08-09,1892-08-11,0,0,0
11236,4796,32,1886-08-05,1887-03-07,1,0,0
11237,5600,140,1886-08-03,1892-08-11,0,0,0
11238,5537,43,1886-08-03,1892-08-11,1,0,0
11239,5181,39,1886-08-03,1886-08-16,1,0,0
11240,3706,39,1886-08-16,1892-08-11,1,0,0
11241,5485,166,1886-08-03,1892-08-11,1,0,0
11242,5811,167,1886-08-03,1892-08-11,0,0,0
11243,5410,88,1886-08-05,1892-08-11,1,0,0
11244,4918,6,1886-08-03,1888-02-21,1,0,0
11245,5697,165,1886-08-04,1892-08-11,0,0,0
11246,4876,162,1887-01-25,1892-08-11,0,0,0
11247,4550,55,1886-08-19,1887-03-15,0,0,0
11248,6596,55,1890-12-15,1892-08-11,0,0,0
11249,5073,64,1886-08-19,1891-09-21,0,0,0
11250,5262,48,1886-08-05,1892-08-11,0,0,0
11251,5920,12,1886-08-05,1892-08-11,0,0,0
11252,5627,42,1886-08-06,1892-08-11,0,0,0
11253,5647,24,1886-08-09,1892-08-11,0,0,0
11254,6013,28,1886-08-06,1888-10-27,0,0,0
11255,6414,28,1891-10-01,1892-08-11,0,0,0
11256,5959,68,1886-08-06,1888-10-27,0,0,0
11257,6414,68,1890-10-31,1891-10-01,0,0,0
11258,3504,61,1886-08-15,1887-08-15,0,0,0
11259,6092,60,1886-08-15,1888-08-15,0,0,0
11260,6841,146,1886-08-05,1892-08-11,0,0,0
11261,5499,31,1886-08-05,1891-11-20,0,0,0
11262,6367,31,1891-11-20,1892-08-11,0,0,0
11263,5674,29,1886-08-05,1892-08-11,0,0,0
11264,7047,148,1886-08-05,1892-08-11,0,0,0
11265,6595,150,1886-08-16,1892-08-11,0,0,0
11266,7038,70,1886-08-05,1892-08-11,0,0,0
11267,3104,84,1892-08-15,1892-08-18,0,0,0
11268,6903,130,1892-08-18,1895-06-21,0,0,0
11269,3104,59,1892-08-15,1894-03-02,0,0,0
11270,5641,131,1892-08-18,1894-03-10,0,0,0
11271,4755,66,1892-08-18,1895-06-21,0,0,0
11272,5661,82,1892-08-22,1895-06-21,0,0,0
11273,5529,44,1892-08-18,1895-06-21,1,0,0
11274,6903,23,1892-08-18,1894-03-10,1,0,0
11275,3104,37,1892-08-20,1894-03-10,1,0,0
11276,4330,37,1894-03-10,1895-06-21,1,0,0
11277,6265,132,1892-08-18,1895-06-21,1,0,0
11278,5833,133,1892-08-19,1894-03-12,0,0,0
11279,6216,133,1894-03-12,1895-06-21,0,0,0
11280,6903,21,1894-03-11,1895-06-21,1,0,0
11281,5942,134,1892-08-19,1895-06-20,0,0,0
11282,5880,138,1892-08-18,1895-06-21,0,0,0
11283,6903,36,1892-08-18,1894-03-10,1,0,0
11284,6999,92,1894-03-11,1895-06-21,0,0,0
11285,5255,194,1892-08-19,1895-06-21,0,0,0
11286,6151,162,1892-08-25,1895-06-21,1,0,0
11287,7037,140,1892-08-18,1895-06-21,0,0,0
11288,4330,39,1894-05-28,1895-06-21,1,0,0
11289,5814,166,1892-08-18,1894-08-18,1,0,0
11290,4783,166,1894-08-18,1895-06-21,1,0,0
11291,5445,165,1892-08-18,1895-06-21,0,0,0
11292,5702,12,1894-10-24,1895-06-21,0,0,0
11293,6224,42,1894-10-28,1895-06-21,0,0,0
11294,5844,28,1892-08-20,1895-06-21,0,0,0
11295,5853,68,1892-08-20,1894-03-22,0,0,0
11296,7222,60,1892-08-15,1895-06-21,0,0,0
11297,6952,145,1892-08-25,1895-06-21,0,0,0
11298,7059,146,1892-08-25,1895-06-21,0,0,0
11299,5747,51,1892-08-25,1895-06-21,0,0,0
11300,4591,147,1892-08-25,1894-03-19,0,0,0
11301,4364,147,1894-03-19,1895-06-21,0,0,0
11302,7060,31,1892-08-25,1894-03-13,0,0,0
11303,7060,148,1894-03-13,1895-06-21,0,0,0
11304,5122,149,1892-08-25,1895-06-21,0,0,0
11305,6976,150,1892-08-25,1895-06-21,0,0,0
11306,6917,70,1892-09-19,1895-06-21,0,0,0
11307,7004,70,1892-09-19,1895-06-21,0,0,0
11308,5236,70,1892-11-26,1895-06-21,0,0,0
11309,7040,70,1895-01-17,1895-06-21,0,0,0
11310,7086,70,1895-02-04,1895-06-21,0,0,0
11311,4342,2,1895-06-25,1902-07-11,1,0,0
11312,4342,130,1895-06-25,1902-07-11,0,0,0
11313,4497,130,1902-07-12,1903-10-13,0,0,0
11314,6899,130,1903-10-13,1905-12-04,0,0,0
11315,5672,131,1895-06-29,1902-08-08,0,0,0
11316,7276,131,1902-08-08,1905-12-04,0,0,0
11317,5672,192,1895-06-29,1902-08-08,0,0,0
11318,7276,192,1902-08-08,1905-12-04,0,0,0
11319,5304,66,1895-06-29,1900-11-07,0,0,0
11320,6025,66,1902-08-08,1903-04-10,0,0,0
11321,6427,66,1903-10-09,1905-12-04,0,0,0
11322,6319,82,1895-06-25,1903-10-11,0,1,0
11323,7435,82,1902-08-08,1905-12-04,0,0,0
11324,5600,23,1903-10-19,1905-12-04,1,0,0
11325,4534,37,1895-06-29,1900-11-12,1,0,0
11326,4342,37,1900-11-12,1902-07-14,1,0,0
11327,5988,37,1903-10-17,1905-12-04,1,0,0
11328,5168,132,1895-06-29,1900-11-12,1,0,0
11329,5485,132,1900-11-12,1902-08-11,1,0,0
11330,5708,132,1902-08-11,1905-12-04,1,0,0
11331,5706,133,1895-07-03,1902-08-11,0,0,0
11332,7430,133,1902-08-11,1905-12-04,0,0,0
11333,4342,21,1895-06-29,1900-11-12,1,0,0
11334,6899,21,1900-11-12,1905-12-04,1,0,0
11335,6223,134,1895-06-20,1898-10-15,0,0,0
11336,5790,134,1898-10-15,1905-12-04,0,0,0
11337,6899,53,1895-07-04,1900-11-12,1,0,0
11338,5790,137,1895-07-04,1898-10-10,0,0,0
11339,6390,137,1898-10-10,1902-08-08,0,0,0
11340,7146,137,1902-08-08,1903-10-12,0,0,0
11341,7171,137,1903-10-12,1905-12-04,0,0,0
11342,7104,138,1903-07-22,1905-12-04,0,0,0
11343,7146,92,1901-01-17,1905-01-20,0,0,0
11344,6267,92,1905-01-20,1905-12-04,0,0,0
11345,5367,33,1905-03-27,1905-12-04,1,0,0
11346,5927,194,1895-06-29,1900-11-07,0,0,0
11347,7537,194,1900-11-07,1903-10-11,0,0,0
11348,7861,194,1903-10-11,1905-12-04,0,0,0
11349,7861,81,1900-11-07,1903-10-11,0,0,0
11350,5600,79,1902-08-11,1905-12-04,1,0,0
11351,7908,205,1902-08-11,1905-12-04,0,0,0
11352,5324,140,1895-06-29,1902-08-11,1,0,0
11353,7044,140,1902-08-11,1905-12-04,0,0,0
11354,5537,43,1895-06-29,1905-12-04,1,0,0
11355,4534,39,1895-06-29,1895-07-04,1,0,0
11356,5148,166,1895-06-29,1900-11-12,1,0,0
11357,6079,166,1905-03-14,1905-12-04,1,0,0
11358,6331,167,1895-06-30,1900-11-12,0,0,0
11359,7671,167,1900-11-12,1905-06-27,0,0,0
11360,6352,167,1905-06-27,1905-12-04,0,0,0
11361,5600,64,1900-04-10,1902-08-11,1,0,0
11362,7190,88,1905-02-02,1905-12-04,1,0,0
11363,5988,6,1905-03-14,1905-12-04,1,0,0
11364,7044,165,1895-06-29,1902-08-08,0,0,0
11365,7952,165,1902-08-08,1905-12-04,0,0,0
11366,4980,162,1895-07-04,1902-08-08,0,0,0
11367,4980,225,1902-08-08,1905-12-04,0,0,0
11368,7104,55,1899-08-15,1902-03-11,0,0,0
11369,7462,68,1905-10-17,1905-12-04,0,0,0
11370,7523,60,1898-03-03,1903-07-08,0,0,0
11371,7147,146,1895-07-16,1900-09-21,0,0,0
11372,5247,146,1900-09-21,1905-12-04,0,0,0
11373,7276,51,1900-12-03,1905-12-04,0,0,0
11374,5088,148,1895-07-16,1905-12-04,0,0,0
11375,6595,150,1895-07-16,1900-11-01,0,0,0
11376,7008,150,1900-11-01,1905-12-04,0,0,0
11377,5112,70,1895-07-16,1905-12-04,0,0,0
11378,6967,70,1895-07-16,1897-04-21,0,0,0
11379,5247,70,1895-07-17,1900-10-30,0,0,0
11380,6910,70,1895-06-30,1901-02-18,0,0,0
11381,7056,70,1896-09-09,1901-07-02,0,0,0
11382,7097,70,1897-04-22,1905-12-04,0,0,0
11383,6223,70,1900-10-30,1903-10-01,0,0,0
11384,7085,70,1903-10-19,1905-12-04,0,0,0
11385,5201,59,1905-12-05,1908-04-03,0,0,0
11386,6265,59,1908-04-05,1915-05-25,0,0,0
11387,5201,84,1905-12-05,1908-04-03,0,0,0
11388,6265,84,1908-04-05,1915-05-25,0,0,0
11389,7390,131,1908-06-03,1912-08-07,0,0,0
11392,7390,192,1908-06-03,1912-08-07,0,0,0
11395,7539,66,1908-04-12,1911-10-23,0,0,0
11397,7282,82,1905-12-21,1906-02-02,0,0,0
11398,7965,82,1909-07-07,1911-01-19,0,0,0
11402,7037,23,1905-12-10,1908-04-12,1,0,0
11405,5464,37,1905-12-10,1908-10-09,1,0,0
11406,7037,37,1908-10-09,1911-10-23,1,0,0
11409,7037,130,1908-10-09,1915-05-25,0,0,0
11410,5833,132,1905-12-10,1910-02-14,1,0,0
11413,8060,133,1905-12-12,1909-07-07,0,0,0
11414,8370,133,1909-07-07,1912-02-19,0,0,0
11417,5060,134,1905-12-18,1908-10-19,0,0,0
11418,8201,134,1908-10-19,1911-10-23,0,0,0
11421,6881,20,1905-12-10,1908-04-12,1,0,0
11422,7037,20,1908-04-12,1910-11-03,1,0,0
11423,8009,138,1905-12-12,1908-04-12,0,0,0
11424,7970,138,1908-04-12,1915-05-25,0,0,0
11426,5639,137,1905-12-12,1911-03-23,0,0,0
11434,6153,92,1905-12-12,1907-01-29,0,0,0
11435,7539,92,1907-01-29,1909-06-05,0,0,0
11437,7925,194,1908-04-13,1915-05-25,0,0,0
11438,7059,197,1905-12-10,1911-10-23,1,0,0
11440,7307,222,1909-12-20,1911-10-23,0,0,0
11442,7590,205,1905-12-18,1908-04-13,0,0,0
11443,8201,205,1908-04-13,1908-10-19,0,0,0
11444,7900,205,1908-10-19,1914-08-10,0,0,0
11446,8225,32,1905-12-10,1907-01-23,1,0,0
11447,7534,166,1905-12-10,1914-02-11,1,0,0
11449,7907,167,1905-12-18,1907-01-29,0,0,0
11450,7925,167,1907-01-29,1908-04-12,0,0,0
11451,8370,167,1908-04-12,1909-07-07,0,0,0
11452,7573,167,1909-07-07,1915-05-25,0,0,0
11456,6405,6,1905-12-10,1908-04-12,1,0,0
11458,7704,165,1909-01-10,1915-05-25,0,0,0
11461,7325,68,1905-12-18,1909-02-18,0,0,0
11464,7087,145,1907-07-31,1910-06-22,0,0,0
11466,5747,146,1905-12-18,1915-05-25,0,0,0
11467,7070,147,1907-09-06,1915-05-25,0,0,0
11468,7657,31,1905-12-18,1909-12-20,0,0,0
11469,6976,221,1905-12-18,1911-03-15,0,0,0
11471,7087,148,1905-12-18,1911-06-26,0,0,0
11474,7070,70,1905-12-18,1907-08-21,0,0,0
11475,7193,70,1905-12-18,1915-05-25,0,0,0
11476,7086,70,1905-12-18,1915-05-25,0,0,0
11477,7236,70,1906-02-21,1911-06-26,0,0,0
11675,7306,2,1894-03-05,1895-06-21,0,0,0
11676,3745,88,1885-08-17,1886-07-20,1,0,0
11677,3745,6,1885-06-24,1885-08-19,1,0,0
11678,7306,21,1886-02-06,1886-07-20,1,0,0
11679,4224,33,1886-02-09,1886-07-20,1,0,0
11680,4796,22,1887-03-07,1888-02-20,1,0,0
11681,7306,59,1894-03-05,1895-06-21,0,0,0
11682,6293,131,1894-03-10,1895-06-21,0,0,0
11683,6293,82,1892-08-22,1895-06-21,0,0,0
11684,7306,23,1894-03-10,1895-06-21,1,0,0
11685,7306,21,1892-08-18,1895-06-21,1,0,0
11686,6939,20,1892-08-18,1895-06-21,1,0,0
11687,4523,33,1892-08-19,1895-06-21,1,0,0
11688,9997,90,1903-05-20,1905-12-04,1,0,0
11689,5237,39,1895-07-04,1905-12-04,1,0,0
11690,5811,166,1900-11-12,1905-12-04,1,0,0
11691,9998,88,1895-06-29,1905-12-04,1,0,0
11692,7256,192,1905-12-12,1915-05-25,0,0,0
11693,5702,44,1905-12-10,1912-06-10,1,0,0
11695,5814,23,1908-10-13,1910-11-03,1,0,0
11697,5641,33,1905-12-10,1907-03-20,1,0,0
11700,6391,79,1905-12-10,1915-05-25,1,0,0
11701,6391,32,1907-01-23,1915-05-25,1,0,0
11702,5060,39,1908-10-13,1915-05-25,1,0,0
11718,4149,44,1874-02-17,1880-04-21,1,0,0
11719,4004,44,1880-04-23,1885-06-22,1,0,0
11720,3368,44,1850-07-15,1852-02-21,1,0,0
11721,7306,48,1885-02-13,1885-06-09,0,0,0
11722,4622,48,1880-05-03,,0,0,0
11723,3104,84,1880-04-23,1885-06-09,1,0,0
11724,3104,1,1880-04-28,1882-12-16,1,0,0
11725,2326,2,1852-02-23,1852-12-17,1,0,0
11726,1388,2,1827-08-31,1828-01-21,1,0,0
11727,1299,2,1828-01-22,1830-11-16,1,0,0
11728,1114,2,1827-04-10,1827-08-08,1,0,0
11729,7281,77,1906-06-01,1911-06-01,0,1,1
11730,6352,89,1902-01-01,1905-01-01,0,1,1
11731,5236,77,1880-12-31,1883-01-01,0,1,1
11732,3104,59,1880-04-23,1885-06-09,1,0,0
11733,4734,131,1880-04-28,1885-06-09,0,0,0
11734,4755,66,1884-12-12,1885-06-09,0,0,0
11735,4949,82,1880-05-05,1882-06-26,0,0,0
11736,5119,82,1880-05-05,1882-06-26,0,0,0
11737,5468,82,1880-05-05,1885-06-09,0,0,0
11738,5833,82,1881-08-24,1885-06-09,0,0,0
11739,4732,82,1882-06-26,1885-06-09,0,0,0
11740,6592,37,1880-04-28,1881-05-02,1,0,0
11741,7306,37,1885-03-05,1885-06-09,1,0,0
11742,5172,132,1880-04-28,1885-06-09,1,0,0
11743,4946,133,1880-04-28,1881-01-01,0,0,0
11744,5575,133,1881-01-01,1881-08-08,0,0,0
11745,7306,133,1881-08-08,1883-06-07,0,0,0
11746,4755,133,1883-06-07,1884-12-12,0,0,0
11747,5814,133,1884-12-12,1885-06-09,0,0,0
11748,3445,130,1880-04-28,1885-06-09,1,0,0
11749,5071,134,1880-04-28,1883-01-01,0,0,0
11750,5060,134,1883-01-01,1885-06-09,0,0,0
11751,4705,53,1880-04-28,1882-12-16,1,0,0
11752,5125,42,1882-01-17,1885-06-09,0,0,0
11753,6903,20,1880-04-28,1882-12-16,1,0,0
11754,4079,20,1882-12-16,1885-06-09,1,0,0
11755,4579,138,1880-08-29,1881-08-06,0,0,0
11756,5575,138,1881-08-06,1882-05-12,0,0,0
11757,5525,138,1882-05-12,1885-06-09,0,0,0
11758,6903,36,1882-12-16,1885-06-09,1,0,0
11759,5353,92,1883-01-16,1885-06-09,0,0,0
11760,4528,33,1880-04-28,1885-06-09,1,0,0
11761,4783,164,1880-04-28,1880-11-29,0,0,0
11762,4943,164,1880-11-29,1882-05-10,0,0,0
11763,5201,164,1882-05-10,1884-10-23,0,0,0
11764,4806,164,1884-10-23,1885-06-09,0,0,0
11765,4806,81,1880-05-12,1882-07-22,0,0,0
11766,4728,32,1880-04-30,1882-05-06,1,0,0
11767,4969,32,1882-05-06,1882-05-09,0,0,0
11768,4943,32,1882-05-09,1884-10-23,0,0,0
11769,6848,140,1880-05-04,1882-05-04,0,0,0
11770,6903,39,1882-07-25,1882-12-28,1,0,0
11771,4548,39,1882-12-28,1884-10-29,1,0,0
11772,4548,166,1880-05-03,1882-12-28,1,0,0
11773,5071,166,1882-12-28,1885-06-09,1,0,0
11774,4755,167,1880-05-03,1883-06-07,0,0,0
11775,5635,167,1883-06-07,1885-06-09,0,0,0
11776,5525,165,1880-04-29,1882-05-15,0,0,0
11777,5119,165,1882-05-15,1885-06-09,0,0,0
11778,4622,48,1880-05-03,1881-11-29,0,0,0
11779,5186,162,1880-05-03,1885-06-09,0,0,0
11780,5844,28,1881-08-19,1885-06-09,0,0,0
11781,5844,68,1880-05-06,1881-08-19,0,0,0
11782,5853,68,1881-08-19,1885-06-09,0,0,0
11783,5857,61,1883-01-03,1885-01-01,0,0,0
11784,5890,61,1885-01-01,1885-06-09,0,0,0
11785,5857,60,1881-11-18,1883-01-09,0,0,0
11786,2515,145,1880-05-03,1885-06-09,0,0,0
11787,4217,146,1880-05-03,1885-06-09,0,0,0
11788,3914,147,1880-05-03,1885-06-09,0,0,0
11789,6952,31,1880-05-03,1885-06-09,0,0,0
11790,5396,148,1880-05-03,1881-01-21,0,0,0
11791,4364,150,1880-05-03,1885-06-09,0,0,0
11792,5726,70,1880-09-14,1885-06-09,0,0,0
11793,4523,23,1880-04-28,1883-03-19,1,0,0
11794,3984,23,1883-03-19,1885-06-09,1,0,0
11795,3984,37,1881-05-02,1885-03-05,1,0,0
11796,4523,140,1882-05-04,1885-06-09,1,0,0
